no,Species,APG.family,Growthform,EveDec,LA mean (leaf let),Scanned leaf DW,Lamina DW,petiole DW,Lamina thickness,Whole leaf LMA,LD LMA,TD
,,,,,,,,,,,,
2,Mallotus_japonicus,Euphorbiaceae,W,D,84.86766667,2.1117,1.8121,0.2996,0.272,82.94089229,64.29859701,0.236391901
,,,,,,,,,,,,
4,Styrax_ japonica,Styracaceae,W,D,15.33175,1.0225,0.989,0.0335,0.2515,83.36458656,76.39437268,0.303754961
,,,,,,,,,,,,
6,Styrax_ japonica,Styracaceae,W,D,14.58325,1.1191,1.0655,0.0536,0.2755,95.92340528,94.85634608,0.344306156
,,,,,,,,,,,,
7,Distylium_racemosum,Hamamelidaceae,W,E,4.0832,1.1953,1.1413,0.054,0.469,195.1573929,182.0732549,0.388215895
,,,,,,,,,,,,
8,Trochodendron_aralioides,Trochodendraceae,W,E,7.422555556,0.8528,0.7793,0.0735,0.296,127.6589375,128.597194,0.43444998
,,,,,,,,,,,,
12,Quercus_salicina,Fagaceae,W,E,18.5985,1.5727,1.4872,0.0855,0.3745,140.9343047,115.8647986,0.30938531
,,,,,,,,,,,,
13,Symplocos_prunifolia,Symplocaceae,W,E,8.112,1.1307,1.0742,0.0565,0.3605,139.3860947,119.6845172,0.331995887
,,,,,,,,,,,,
14,Clethra_barbinervis,Clethraceae,W,D,23.7575,1.3534,1.283,0.0704,0.3315,94.94545582,85.94366927,0.259256921
,,,,,,,,,,,,
15,Acer_morifolium,Sapindaceae,W,D,51.63925,2.1599,1.9773,0.1826,0.2255,104.5667782,88.49014836,0.392417509
,,,,,,,,,,,,
16,Lithocarpus_edulis,Fagaceae,W,E,9.634555556,1.4569,1.3542,0.1027,0.441,168.0178985,138.7831104,0.314700931
,,,,,,,,,,,,
17,Myrica_rubra,Primulaceae,W,E,5.634266667,0.9031,0.8573,0.0458,0.3975,106.8580354,171.8873385,0.432420977
,,,,,,,,,,,,
18,Distylium_racemosum,Hamamelidaceae,W,E,3.972833333,1.1689,1.12,0.0489,0.5505,245.1860553,215.1774831,0.390876445
,,,,,,,,,,,,
21,Zanthoxylum_ailanthoides,Rutaceae,W,D,31.93566667,1.6916,1.6642,,0.2575,88.28164957,99.31268449,0.385680328
,,,,,,,,,,,,
22,Stewartia_monadelpha,Theaceae,W,D,9.8623,1.1995,1.1421,0.0574,0.3985,121.6247731,140.0563499,0.351458845
,,,,,,,,,,,,
23,Pinus_amamiana,Pinaceae,W,E,1.14556,0.2381,0.2381,,0.92,83.13837774,,
,,,,,,,,,,,,
24,Pinus_amamiana,Pinaceae,W,E,1.02008,0.1727,0.1727,0,0.7835,67.72017881,,
,,,,,,,,,,,,
25,Pinus_amamiana,Pinaceae,W,E,0.54364,0.2911,0.2911,,0.897,178.4882152,,
,,,,,,,,,,,,
27,Vaccinium_bracteatum,Ericaceae,W,E,8.1808,1.1062,1.0721,0.0341,0.377,135.2190495,130.5070533,0.346172555
,,,,,,,,,,,,
28,Pittosporum_tobira,Pittosporaceae,W,E,14.74175,1.7206,1.601,0.1196,0.3735,145.8951617,117.1380381,0.313622592
,,,,,,,,,,,,
29,Melia_azedarach,Meliaceae,W,D,5.103944444,0.7285,0.7161,0.0124,0.1995,79.29596935,81.48733086,0.408457799
,,,,,,,,,,,,
30,Pinus_thunbergii,Pinaceae,W,E,1.4613125,0.624,0.624,0,0.945,533.7667337,,
,,,,,,,,,,,,
31,Zanthoxylum_ailanthoides,Rutaceae,W,D,63.38933333,1.9105,1.8951,,0.2855,100.4638004,100.585924,0.35231497
,,,,,,,,,,,,
32,Cinnamomum_camphora,Lauraceae,W,E,25.0005,1.7489,1.6341,0.1148,0.255,116.5910015,117.7746579,0.461861403
,,,,,,,,,,,,
33,Glochidion_obovatum,Euphorbiaceae,W,D,8.027666667,1.1059,1.0709,0.035,0.239,114.8008969,105.0422624,0.439507374
,,,,,,,,,,,,
34,Neolitsea_sericea,Lauraceae,W,E,18.122,2.2491,2.0926,0.1565,0.257,155.1360225,134.9633917,0.525149384
,,,,,,,,,,,,
35,Mallotus_japonicus,Euphorbiaceae,W,D,84.44166667,2.196,1.917,0.279,0.2995,86.68706207,77.66761223,0.259324248
,,,,,,,,,,,,
36,Eurya_emarginata,Theaceae,W,E,3.122833333,0.732,0.7147,0.0173,0.6775,195.3354326,162.9746617,0.240553006
,,,,,,,,,,,,
37,Rhaphiolepis_indica_var_umbellata,Rosaceae,W,E,18.91333333,2.3372,2.1867,0.1505,0.5,205.9569968,169.9774792,0.339954958
,,,,,,,,,,,,
38,Cornus_macrophylla,Cornaceae,W,D,38.6678,1.9059,1.7564,0.1495,0.2115,98.57814512,77.03099246,0.36421273
,,,,,,,,,,,,
39,Myrsine_seguinii,Primulaceae,W,E,8.782583333,1.2666,1.1981,0.0685,0.339,120.1810401,116.5014183,0.343662001
,,,,,,,,,,,,
40,Daphniphyllum_teijsmannii,Daphniphyllaceae,W,E,28.656,2.2736,2.0612,0.2124,0.374,158.6823004,121.5943765,0.325118654
,,,,,,,,,,,,
41,Ficus_erecta,Moraceae,W,D,47.35975,1.7921,1.7106,0.0815,0.3025,94.60037268,82.12395064,0.271484134
,,,,,,,,,,,,
42,Styrax_ japonica,Styracaceae,W,D,47.82875,1.7994,1.7427,0.0567,0.2425,94.05430834,82.76057041,0.341280703
,,,,,,,,,,,,
43,Rhus_succedanea,Anacardiaceae,W,D,15.472875,0.9677,0.9399,0.0278,0.2425,78.17713256,81.48733086,0.33603023
,,,,,,,,,,,,
44,Castanopsis_sieboldii,Fagaceae,W,E,6.61025,1.2422,1.1834,0.0588,0.4055,156.6002294,145.7859279,0.3595214
,,,,,,,,,,,,
45,Diospyros_japonica,Ebenaceae,W,D,,3.453,3.2019,0.2511,0.2195,,81.48733086,0.371240687
,,,,,,,,,,,,
47,Meliosma_rigida,Sabiaceae,W,E,23.3206,1.5475,1.4516,0.0959,0.3615,132.7152818,107.5887415,0.297617542
,,,,,,,,,,,,
48,Idesia_polycarpa,Salicaceae,W,D,87.55233333,2.9956,2.5057,0.4899,0.24,114.0498825,82.76057041,0.34483571
,,,,,,,,,,,,
49,Quercus_phillyraeoides,Fagaceae,W,E,5.2522,1.0446,0.9974,0.0472,0.376,198.888085,178.890156,0.475771692
,,,,,,,,,,,,
50,Quercus_salicina,Fagaceae,W,E,17.41875,1.9825,1.8699,0.1126,0.292,142.2676713,103.7690229,0.355373366
,,,,,,,,,,,,
51,Myrica_rubra,Primulaceae,W,E,8.886,0.6843,0.646,0.0383,0.259,128.3479631,106.315502,0.410484564
,,,,,,,,,,,,
53,Symplocos_kuroki,Symplocaceae,W,E,11.9843,1.9798,1.868,0.1118,0.3625,165.1994693,126.0507149,0.34772611
,,,,,,,,,,,,
54,Lagerstroemia_subcostata,Lythraceae,W,D,16.886,0.9747,0.9365,0.0382,0.1685,72.15296695,64.93521678,0.385372206
,,,,,,,,,,,,
55,Cornus_macrophylla,Cornaceae,W,D,78.91766667,2.58935,2.5639,0.2534,0.222,109.3692583,91.03662745,0.410074898
,,,,,,,,,,,,
56,Anodendron_affine,Apocynaceae,W,E,19.8865,1.46,1.4054,0.0546,0.3905,122.3610657,99.31268449,0.254321855
,,,,,,,,,,,,
57,Scurrula_yadoriki,Loranthaceae,W,E,9.082,1.4321,1.3509,0.0812,0.5295,197.1069148,206.2648062,0.389546376
,,,,,,,,,,,,
58,Cleyera_japonica,Theaceae,W,E,6.49,1.069,1.0163,0.0527,0.5255,205.8936826,214.5408633,0.408260444
,,,,,,,,,,,,
59,Camellia_sasanqua,Theaceae,W,E,4.82,0.9926,0.954,0.0386,0.375,171.6113416,174.4338176,0.465156847
,,,,,,,,,,,,
60,Neolitsea_aciculata,Lauraceae,W,E,6.6367,1.0705,1.0058,0.0647,0.3475,161.3000437,147.0591674,0.423191849
,,,,,,,,,,,,
61,Ardisia_sieboldii,Primulaceae,W,E,11.914125,1.0588,1.0105,0.0483,0.305,111.0866304,110.1352206,0.361099084
,,,,,,,,,,,,
62,Parthenocissus_tricuspidata,Vitaceae,W,D,49.8985,1.8641,1.6788,0.1853,0.24,93.39459102,78.304232,0.326267633
,,,,,,,,,,,,
63,Ardisia_sieboldii,Primulaceae,W,E,6.4455,0.7339,0.696,0.0379,0.255,113.8623846,116.5014183,0.456868307
,,,,,,,,,,,,
64,Schefflera_heptaphylla,Araliaceae,W,E,20.79725,2.2068,2.0498,0.157,0.3475,132.6377285,123.5042358,0.355407873
,,,,,,,,,,,,
65,Actinodaphne_acuminata,Lauraceae,W,E,32.9665,1.7365,1.6196,0.1169,0.2745,131.6867123,97.40282517,0.35483725
,,,,,,,,,,,,
66,Elaeocarpus_sylvestris_var_ellipticus,Elaeocarpaceae,W,E,9.9476,1.4348,1.3666,0.0682,0.315,144.2357956,150.8788861,0.478980591
,,,,,,,,,,,,
67,Vernicia_cordata,Euphorbiaceae,W,D,89.39166667,1.9141,1.6196,0.2945,0.234,71.37503496,77.03099246,0.329192275
,,,,,,,,,,,,
68,Camellia_japonica,Theaceae,W,E,8.863,1.0904,1.027,0.0634,0.4995,205.0472,192.2591713,0.384903246
,,,,,,,,,,,,
69,Prunus_zippeliana,Rosaceae,W,E,27.258,2.0037,1.9118,0.0919,0.3385,122.5144912,122.2309963,0.361096001
,,,,,,,,,,,,
70,Diospyros_morrisiana,Ebenaceae,W,E,15.59275,1.6349,1.5617,0.0732,0.355,131.062513,119.6845172,0.337139485
,,,,,,,,,,,,
71,Syzygium_buxifolium,Myrtaceae,W,E,3.046,0.5742,0.5445,0.0297,2.89,125.6730138,140.6929697,0.048682688
,,,,,,,,,,,,
72,Diospyros_japonica,Ebenaceae,W,D,51.92675,2.6033,2.4336,0.1697,0.23,125.3352078,119.6845172,0.520367466
,,,,,,,,,,,,
73,Helicia_cochinchinensis,Proteaceae,W,E,19.602375,1.582,1.5168,0.0652,0.2695,100.8806331,92.30986699,0.342522698
,,,,,,,,,,,,
74,Diplomorpha_pauciflora_var_yakusimensis,Euphorbiaceae,W,D,13.77111111,0.9005,0.8691,0.0314,0.195,72.65612393,75.75775291,0.388501297
,,,,,,,,,,,,
75,Machilus_thunbergii,Lauraceae,W,E,14.378375,2.1301,1.9663,0.1638,0.3385,185.1826093,168.7042397,0.49838771
,,,,,,,,,,,,
76,Buddleja_curviflora,Scrophulariaceae,W,D,30.23483333,1.9991,1.8956,0.1035,0.36,110.1985017,,
,,,,,,,,,,,,
77,Lonicera_affinis,Caprifoliaceae,W,ED,12.6684,1.1919,1.1465,0.0454,0.274,94.0844937,89.12676813,0.325280176
,,,,,,,,,,,,
78,Eurya_japonica,Theaceae,W,E,6.257,1.0363,1.0098,0.0265,0.397,138.0187523,153.4253651,0.386461877
,,,,,,,,,,,,
79,Premna_microphylla,Verbenaceae,W,D,8.58,0.7863,0.7438,0.0425,0.2755,91.64335664,94.85634608,0.344306156
,,,,,,,,,,,,
80,Viburnum_odoratissimum_var_awabuki,Caprifoliaceae,W,E,27.12116667,2.7046,2.5022,0.2024,0.8005,166.2047478,131.7802929,0.164622477
,,,,,,,,,,,,
81,Euscaphis_japonica,Staphyleaceae,W,D,16.52466667,1.1683,1.1438,0.0245,0.2805,117.8339452,101.8591636,0.363134273
,,,,,,,,,,,,
82,Uncaria_rynchophylla,Rubiaceae,W,E,21.848875,1.4333,1.3827,0.0506,0.2025,82.00078951,73.84789359,0.364680956
,,,,,,,,,,,,
83,Ficus_superba_var_japonica,Moraceae,W,E,40.11125,1.9788,1.789,0.1898,0.2495,123.3319829,106.9521218,0.428665819
,,,,,,,,,,,,
84,Elaeocarpus_japonicus,Elaeocarpaceae,W,E,11.68575,1.4955,1.3606,0.1349,0.3625,159.9704769,140.6929697,0.388118537
,,,,,,,,,,,,
85,Symplocos_prunifolia,Symplocaceae,W,E,8.3192,1.0651,1.0216,0.0435,0.2745,128.0291374,108.2253613,0.394263611
,,,,,,,,,,,,
86,Ternstroemia_gymnanthera,Theaceae,W,E,6.676909091,1.3715,1.3387,0.0328,0.6545,186.7358331,178.2535363,0.272350705
,,,,,,,,,,,,
87,Morinda_umbellata,Rubiaceae,W,D,15.550125,0.7711,0.7385,0.0326,0.2135,61.98503227,50.29296202,0.235564225
,,,,,,,,,,,,
88,Trema_orientalis,Ulmaceae,W,E,18.7525,2.044,1.9812,0.0628,0.332,108.9988002,98.03944494,0.295299533
,,,,,,,,,,,,
89,Sorbus_commixta,Rosaceae,W,D,7.673666667,0.9255,0.9255,0,0.1875,80.40484775,79.57747155,0.424413182
,,,,,,,,,,,,
90,Symplocos_coreana,Symplocaceae,W,D,7.962,0.4988,0.4745,0.0243,0.3185,62.64757599,58.56901906,0.18389017
,,,,,,,,,,,,
91,Cryptomeria_japonica,Cupressaceae,W,E,0.110380952,0.0304,0.0304,,0.888,110.1639344,,
,,,,,,,,,,,,
92,Smilax_china,Smilacaceae,W,E,22.74714286,0.9749,0.9311,0.0438,0.327,61.22589964,56.65915974,0.173269602
,,,,,,,,,,,,
93,Elaeagnus_yakusimensis,Elaeagnaceae,W,D,3.8524,0.2457,0.2266,0.0191,0.2495,63.77842384,55.3859202,0.221987656
,,,,,,,,,,,,
94,Vaccinium_yakushimense,Ericaceae,W,D,3.904333333,0.3171,0.3063,0.0108,0.1985,67.68120891,60.47887837,0.304679488
,,,,,,,,,,,,
95,Pieris_japonica,Ericaceae,W,E,2.145944444,0.6957,0.6524,0.0433,0.441,180.1071789,193.5324108,0.438849004
,,,,,,,,,,,,
96,Cornus_kousa,Cornaceae,W,D,17.7205,0.6143,0.5961,0.0182,0.173,57.77677455,49.65634224,0.28703088
,,,,,,,,,,,,
97,Clethra_barbinervis,Clethraceae,W,D,28.85471429,1.7023,1.5776,0.1247,0.2435,84.27937005,60.47887837,0.248373217
,,,,,,,,,,,,
98,Rhododendron_yakusimanum,Ericaceae,W,E,14.7871,5.1194,4.548,0.5714,0.656,346.2071671,233.6394565,0.356157708
,,,,,,,,,,,,
99,Trochodendron_aralioides,Trochodendraceae,W,E,21.4375,2.0877,1.8659,0.2218,0.381,162.3090379,119.0478974,0.312461673
,,,,,,,,,,,,
100,Tripterygium_doianum,Celastraceae,W,D,20.9225,0.7803,0.7174,0.0629,0.2315,62.15796391,59.20563883,0.2557479
,,,,,,,,,,,,
101,Symplocos_myrtacea,Symplocaceae,W,E,2.7242667,0.2563,0.2431,0.0132,0.3065,62.72024276,100.585924,0.328175935
,,,,,,,,,,,,
102,Stewartia_monadelpha,Theaceae,W,D,11.22825,0.8077,0.7689,0.0388,0.2915,89.91828646,91.03662745,0.312304039
,,,,,,,,,,,,
103,Eurya_yakushimensis,Theaceae,W,E,0.91525,0.1876,0.1806,0.007,0.5295,128.1070746,,
,,,,,,,,,,,,
104,Elaeagnus_yakusimensis,Elaeagnaceae,W,D,5.74075,0.3108,0.2892,0.0216,0.2845,67.6740844,65.57183655,0.230480972
,,,,,,,,,,,,
105,Frangula_crenata,Rhamnaceae,W,D,14.184375,0.6264,0.5919,0.0345,0.2155,55.20158625,50.29296202,0.233378014
,,,,,,,,,,,,
106,Alnus_firma,Betulaceae,W,D,17.42175,1.5061,1.423,0.0831,0.2245,108.0617619,93.58310654,0.416851254
,,,,,,,,,,,,
107,Smilax_biflora,Smilacaceae,W,E,0.342285714,0.021,0.0198,0.0012,0.178,43.8230384,,
,,,,,,,,,,,,
108,Daphniphyllum_macropodum,Daphniphyllaceae,W,E,49.887,3.7023,3.2028,0.4995,0.4605,148.427446,131.7802929,0.286167846
,,,,,,,,,,,,
109,Chamaecyparis_obtusa,Cupressaceae,W,E,2.268833333,0.5594,0.5594,0,1.273,205.465364,,
,,,,,,,,,,,,
110,Kalopanax_septemlobus,Araliaceae,W,D,63.747,1.8615,1.5545,0.307,0.2825,97.33791394,88.49014836,0.313239463
,,,,,,,,,,,,
111,Acer_sieboldianum,Sapindaceae,W,D,37.23683333,1.643,1.385,0.258,0.194,73.53829765,60.47887837,0.311746796
,,,,,,,,,,,,
112,Neolitsea_aciculata,Lauraceae,W,E,9.8564,1.7242,,,0.389,174.9320239,155.3352245,0.399319343
,,,,,,,,,,,,
113,Symplocos_kuroki,Symplocaceae,W,E,7.919545455,1.5398,,,0.5275,176.7548643,208.1746656,0.394643916
,,,,,,,,,,,,
114,Erycibe_henryi,Convolvulaceae,W,E,47.93783333,1.5555,,,0.261,54.08045837,49.65634224,0.190254185
,,,,,,,,,,,,
115,Actinodaphne_acuminata,Lauraceae,W,E,23.56642857,1.7463,,,0.3155,105.8588185,96.7662054,0.306707466
,,,,,,,,,,,,
116,Camellia_japonica,Theaceae,W,E,9.659888889,1.6693,,,0.4415,192.0081897,165.5211408,0.374906321
,,,,,,,,,,,,
117,Kadsura_japonica,Schisandraceae,W,E,18.3461,0.7277,,,0.3675,56.66443705,47.10986316,0.128190104
,,,,,,,,,,,,
118,Rhododendron_tashiroi,Ericaceae,W,E,4.209571429,0.7432,,,0.3735,126.1071707,124.1408556,0.332371769
,,,,,,,,,,,,
121,Eurya_yakushimensis,Theaceae,W,E,0.995666667,0.3104,,,0.5285,148.4528194,,
,,,,,,,,,,,,
124,Symplocos_coreana,Symplocaceae,W,D,5.491416667,0.4259,,,0.3815,64.63116682,62.38873769,0.163535354
,,,,,,,,,,,,
125,Daphniphyllum_macropodum,Daphniphyllaceae,W,E,27.006875,3.65,3.1785,0.4715,0.551,168.9384647,141.3295895,0.256496533
,,,,,,,,,,,,
126,Illicium_anisatum,Schisandraceae,W,E,10.16255556,1.1343,,,0.382,124.0173622,86.58028904,0.226649971
,,,,,,,,,,,,
127,Eurya_yakushimensis,Theaceae,W,E,9.892363636,0.3249,,,0.418,16.42175783,,
,,,,,,,,,,,,
128,Cornus_kousa,Cornaceae,W,D,10.91109091,0.8371,,,0.225,69.74554665,57.29577951,0.254647909
,,,,,,,,,,,,
129,Trochodendron_aralioides,Trochodendraceae,W,E,9.758727273,1.4673,,,0.357,136.688838,119.6845172,0.335250748
,,,,,,,,,,,,
130,Juniperus_chinensis_var_sargentii,Cupressaceae,W,E,0.581434783,0.4132,,,1.193,308.9807822,,
,,,,,,,,,,,,
131,Rhododendron_tashiroi,Ericaceae,W,E,2.788727273,0.4466,,,0.4085,145.586126,125.4140952,0.307011249
,,,,,,,,,,,,
132,Symplocos_myrtacea,Symplocaceae,W,E,5.052375,0.3413,,,0.2555,84.44048591,68.75493542,0.269099552
,,,,,,,,,,,,
133,Rhododendron_yakusimanum,Ericaceae,W,E,9.4083,2.6551,,,0.637,282.2082629,220.2704412,0.345793471
,,,,,,,,,,,,
135,Cryptomeria_japonica,Cupressaceae,W,E,0.072231132,0.3009,,,1.07,196.4997061,,
,,,,,,,,,,,,
136,Elaeagnus_yakusimensis,Elaeagnaceae,W,D,4.763352941,0.7151,,,0.3,88.30902602,85.94366927,0.286478898
,,,,,,,,,,,,
137,Clethra_barbinervis,Clethraceae,W,D,11.0082,0.7687,,,0.2815,69.82976327,68.11831564,0.241983359
,,,,,,,,,,,,
138,Symplocos_myrtacea,Symplocaceae,W,E,3.26775,0.3248,,,0.551,82.82967383,64.93521678,0.117849758
,,,,,,,,,,,,
139,Sorbus_commixta,Rosaceae,W,D,4.575411765,0.6518,,,0.2175,83.79830809,87.85352859,0.403924269
,,,,,,,,,,,,
140,"Hydrangea_petiolaris ",Hydrangeaceae,W,D,12.294,0.6691,,,0.3215,54.42492273,39.47042589,0.122769598
,,,,,,,,,,,,
141,Trochodendron_aralioides,Trochodendraceae,W,E,11.31527273,1.6565,,,0.392,133.0864158,111.4084602,0.284205256
,,,,,,,,,,,,
142,Cryptomeria_japonica,Cupressaceae,W,E,0.027308411,0.0589,,,,201.5742642,,
,,,,,,,,,,,,
143,Kalopanax_septemlobus,Araliaceae,W,D,45.9815,1.9229,1.6467,0.2762,0.2815,104.5474811,95.49296586,0.339229008
,,,,,,,,,,,,
144,Rhododendron_yakusimanum,Ericaceae,W,E,9.432666667,2.5738,,,0.5935,227.3835607,220.2704412,0.371138064
,,,,,,,,,,,,
145,Pieris_japonica,Ericaceae,W,E,3.838357143,0.8931,,,0.4625,166.1983363,177.6169165,0.384036576
,,,,,,,,,,,,
146,Styrax_ japonica,Styracaceae,W,D,9.493666667,0.9676,,,0.244,84.93381553,87.85352859,0.360055445
,,,,,,,,,,,,
147,Quercus_salicina,Fagaceae,W,E,13.08155556,1.8467,,,0.437,156.8535852,152.1521256,0.3481742
,,,,,,,,,,,,
148,Quercus_acuta,Fagaceae,W,E,23.41785714,2.8201,,,0.3955,172.0359921,152.1521256,0.384708282
,,,,,,,,,,,,
149,Camellia_japonica,Theaceae,W,E,9.930125,1.3076,,,0.443,164.6001435,158.5183233,0.357829172
,,,,,,,,,,,,
151,Symplocos_prunifolia,Symplocaceae,W,E,5.692076923,1.2154,,,0.3565,164.249902,154.6986047,0.43393718
,,,,,,,,,,,,
153,Dendropanax_trifidus,Araliaceae,W,E,34.622,2.6593,2.2093,0.45,0.304,128.0159051,90.40000768,0.297368446
,,,,,,,,,,,,
154,Quercus_acuta,Fagaceae,W,E,17.321125,2.0473,,,0.356,147.7458883,133.0535324,0.373745878
,,,,,,,,,,,,
156,Myrica_rubra,Primulaceae,W,E,12.12,1.7005,,,0.28,140.3052805,128.597194,0.459275693
,,,,,,,,,,,,
157,Lithocarpus_edulis,Fagaceae,W,E,13.2837,2.0718,,,0.4245,155.9655819,145.1493081,0.341930054
,,,,,,,,,,,,
159,Acer_morifolium,Sapindaceae,W,D,48.9348,1.7332,1.5883,0.1449,0.2355,70.83711387,71.93803428,0.30546936
,,,,,,,,,,,,
160,Distylium_racemosum,Hamamelidaceae,W,E,4.489166667,1.1611,,,0.537,215.5374049,272.4732626,0.507398999
,,,,,,,,,,,,
161,Kalopanax_septemlobus,Araliaceae,W,D,118.47075,4.5849,3.4054,1.1795,0.2325,96.75172986,61.75211792,0.265600507
,,,,,,,,,,,,
162,Scurrula_yadoriki,Loranthaceae,W,E,4.904,1.0962,,,0.428,223.5318108,203.7183272,0.4759774
,,,,,,,,,,,,
166,Actinodaphne_acuminata,Lauraceae,W,E,26.4676,1.6203,,,0.365,122.4364884,96.12958563,0.263368728
,,,,,,,,,,,,
167,Neolitsea_aciculata,Lauraceae,W,E,19.26928571,1.605,,,0.247,118.990251,105.6788822,0.427849726
,,,,,,,,,,,,
168,Zanthoxylum_yakumontanum,Rutaceae,W,D,42.173,1.6626,,,0.1925,65.7055462,65.57183655,0.340632917
,,,,,,,,,,,,
169,Zanthoxylum_yakumontanum,Rutaceae,W,D,25.38211111,1.9299,,,0.3495,84.4820718,76.39437268,0.218581896
,,,,,,,,,,,,
170,Prunus_jamasakura,Rosaceae,W,D,42.2058,2.355,,,0.2275,111.5960366,105.6788822,0.464522559
,,,,,,,,,,,,
172,Neolitsea_aciculata,Lauraceae,W,E,8.5712,1.0752,,,0.2895,125.4433452,131.1436731,0.453000598
,,,,,,,,,,,,
173,Stewartia_monadelpha,Theaceae,W,D,23.3295,1.8228,,,0.296,97.66604514,94.85634608,0.320460629
,,,,,,,,,,,,
174,Symplocos_tanakae,Symplocaceae,W,E,13.7321,2.1315,,,0.4405,155.2202504,136.2366313,0.309277256
,,,,,,,,,,,,
175,Acer_morifolium,Sapindaceae,W,D,68.85275,2.6287,2.3492,0.2795,0.2115,95.44644186,85.94366927,0.406353046
,,,,,,,,,,,,
176,Vitis_ficifolia,Vitaceae,W,D,86.95166667,1.3987,,,0.213,53.61982711,43.29014452,0.203240115
,,,,,,,,,,,,
177,Castanopsis_sieboldii,Fagaceae,W,E,8.5872,1.3253,,,0.3425,154.3343581,151.5155058,0.442381039
,,,,,,,,,,,,
180,Schizophragma_hydrangeoides,Hydrangeaceae,W,D,52.75266667,0.7524,,,0.264,47.54262028,46.47324338,0.176035013
,,,,,,,,,,,,
184,Daphniphyllum_teijsmannii,Daphniphyllaceae,W,E,14.92333333,2.2798,,,0.442,169.7416425,126.6873347,0.286622929
,,,,,,,,,,,,
185,Ficus_erecta,Moraceae,W,D,31.5115,1.878,,,0.398,99.32881646,91.67324722,0.230334792
,,,,,,,,,,,,
187,Eurya_emarginata,Theaceae,W,E,3.568777778,1.0565,,,0.6285,164.4665151,145.1493081,0.230945598
,,,,,,,,,,,,
188,Rhaphiolepis_indica_var_umbellata,Rosaceae,W,E,9.342916667,2.1353,,,0.5625,190.456228,174.4338176,0.310104565
,,,,,,,,,,,,
189,Ilex_rotunda,Aquifoliaceae,W,E,13.386125,1.3521,,,0.3605,126.2594664,109.4986008,0.303740918
,,,,,,,,,,,,
191,Euscaphis_japonica,Staphyleaceae,W,D,22.024875,1.6366,,,0.236,92.88361455,77.03099246,0.32640251
,,,,,,,,,,,,
192,Myrica_rubra,Primulaceae,W,E,10.8954,1.3802,,,0.2955,126.6773134,110.1352206,0.372708022
,,,,,,,,,,,,
193,Daphniphyllum_teijsmannii,Daphniphyllaceae,W,E,33.123,3.2365,,,0.5005,162.8525999,116.5014183,0.232770067
,,,,,,,,,,,,
194,Symplocos_kuroki,Symplocaceae,W,E,7.954333333,1.8197,,,0.3515,152.5122575,123.5042358,0.351363402
,,,,,,,,,,,,
195,Neolitsea_sericea,Lauraceae,W,E,22.09325,1.9863,,,0.257,112.3816098,105.0422624,0.408724757
,,,,,,,,,,,,
196,Cinnamomum_camphora,Lauraceae,W,E,18.4995,1.4658,,,0.243,99.04321738,95.49296586,0.392975168
,,,,,,,,,,,,
199,Pinus_thunbergii,Pinaceae,W,E,1.457375,0.5154,,,0.8705,221.0309632,,
,,,,,,,,,,,,
200,Glochidion_obovatum,Euphorbiaceae,W,D,9.4119,1.2308,,,0.316,130.7706202,126.0507149,0.398894667
,,,,,,,,,,,,
201,Glochidion_obovatum,Euphorbiaceae,W,D,8.41625,1.1307,,,0.2725,111.9560374,113.9549393,0.418183263
,,,,,,,,,,,,
203,Rhaphiolepis_indica_var_umbellata,Rosaceae,W,E,9.477333333,2.5047,,,0.499,220.2360017,205.6281865,0.412080534
,,,,,,,,,,,,
204,Eurya_japonica,Theaceae,W,E,7.201466667,1.292,,,0.3755,119.6052656,124.1408556,0.33060148
,,,,,,,,,,,,
205,Lithocarpus_edulis,Fagaceae,W,E,17.49657143,2.1138,,,0.459,172.5889154,144.5126883,0.314842458
,,,,,,,,,,,,
206,Styrax_ japonica,Styracaceae,W,D,32.55683333,1.605,,,0.2525,82.16401063,72.57465405,0.287424372
,,,,,,,,,,,,
210,Quercus_phillyraeoides,Fagaceae,W,E,6.807166667,1.4895,,,0.3905,182.3445878,174.4338176,0.446693515
,,,,,,,,,,,,
215,Melia_azedarach,Meliaceae,W,D,3.42571875,0.7397,,,0.1975,67.47671565,80.21409132,0.406147298
,,,,,,,,,,,,
216,Quercus_phillyraeoides,Fagaceae,W,E,4.264833333,1.4695,,,0.371,191.4233981,,
,,,,,,,,,,,,
218,Quercus_salicina,Fagaceae,W,E,29.9515,2.1504,,,0.246,119.6601172,111.4084602,0.452879919
,,,,,,,,,,,,
221,Cinnamomum_tenuifolium,Lauraceae,W,E,10.3411,1.4591,,,0.333,141.0971753,143.2394488,0.430148495
,,,,,,,,,,,,
222,Gardenia_jasminoides,Rubiaceae,W,E,37.84683333,1.4501,,,0.18,63.85827084,53.47606088,0.297089227
,,,,,,,,,,,,
224,Lagerstroemia_subcostata_var_fauriei,Lythraceae,W,D,29.50471429,2.2239,,,0.1505,107.6777077,83.39719018,0.554134154
,,,,,,,,,,,,
225,Distylium_racemosum,Hamamelidaceae,W,E,9.221,1.7464,,,0.451,172.1761592,175.0704374,0.388182788
,,,,,,,,,,,,
226,Kadsura_japonica,Schisandraceae,W,E,26.023,1.1718,,,0.309,75.04899512,59.8422586,0.193664267
,,,,,,,,,,,,
227,Castanopsis_sieboldii,Fagaceae,W,E,9.7988,1.4186,,,0.3515,144.7728293,127.9605742,0.364041463
,,,,,,,,,,,,
228,Oreocnide_pedunculata,Urticaceae,W,E,10.31409091,0.6215,,,0.27,54.77942797,66.8450761,0.247574356
,,,,,,,,,,,,
229,Pittosporum_tobira,Pittosporaceae,W,E,7.405357143,1.4653,,,0.385,141.3359055,124.1408556,0.322443781
,,,,,,,,,,,,
230,Cinnamomum_camphora,Lauraceae,W,E,21.6556,0.9633,,,0.223,88.96544081,86.58028904,0.388252417
,,,,,,,,,,,,
231,Oreocnide_pedunculata,Urticaceae,W,E,13.554,0.6142,,,0.182,56.64379519,57.29577951,0.314811975
,,,,,,,,,,,,
232,Trema_orientalis,Ulmaceae,W,E,24.78766667,1.6611,,,0.277,111.6886086,99.31268449,0.358529547
,,,,,,,,,,,,
233,Maesa_tenera,Primulaceae,W,E,37.98525,1.4629,,,0.314,96.2807932,111.4084602,0.354804013
,,,,,,,,,,,,
234,Ficus_erecta,Moraceae,W,D,23.86833333,1.4434,,,0.308,100.789051,91.67324722,0.297640413
,,,,,,,,,,,,
235,Trema_orientalis,Ulmaceae,W,E,15.93933333,0.8475,,,0.3385,88.6172571,89.12676813,0.263299167
,,,,,,,,,,,,
236,Rhus_succedanea,Anacardiaceae,W,D,22.601,1.4991,,,0.2365,110.5482058,106.315502,0.449537006
,,,,,,,,,,,,
237,Machilus_thunbergii,Lauraceae,W,E,17.40383333,1.8113,,,0.3425,173.4579547,154.0619849,0.449816014
,,,,,,,,,,,,
238,Rubus_grayanus,Rosaceae,W,D,29.53425,1.2332,,,0.288,104.3872792,93.58310654,0.324941342
,,,,,,,,,,,,
239,Rubus_sieboldii,Rosaceae,W,E,99.849,5.2969,4.0311,1.2658,0.54,176.8303472,103.7690229,0.192164857
,,,,,,,,,,,,
240,Stachyurus_praecox_var_lancifolius,Stachyuraceae,W,D,77.62666667,2.3071,,0.1691,0.232,99.06818963,80.85071109,0.348494444
,,,,,,,,,,,,
241,Adina_pilulifera,Rubiaceae,W,E,13.294125,0.9607,,,0.229,90.33125535,86.58028904,0.378079865
,,,,,,,,,,,,
242,Vaccinium_bracteatum,Ericaceae,W,E,5.264066667,0.8555,,,0.2925,108.3446258,94.85634608,0.3242952
,,,,,,,,,,,,
243,Vitex_rotundifolia,Verbenaceae,W,E,11.32516667,0.9764,,,0.314,71.84588895,78.304232,0.249376535
,,,,,,,,,,,,
244,Vaccinium_bracteatum,Ericaceae,W,E,7.4186,0.8557,,,0.339,115.3452134,116.5014183,0.343662001
,,,,,,,,,,,,
245,Ligustrum_japonicum,Oleaceae,W,E,9.078625,0.8946,,,0.413,123.1739388,152.1521256,0.368407084
,,,,,,,,,,,,
246,Stephania_japonica,Menispermaceae,W,E,52.287,1.3199,1.1482,0.1717,0.297,84.14456111,78.304232,0.263650613
,,,,,,,,,,,,
247,Clerodendrum_trichotomum_var_fargesii,Verbenaceae,W,D,18.226625,1.1872,,,0.205,81.41935218,76.39437268,0.372655477
,,,,,,,,,,,,
248,Morinda_umbellata,Rubiaceae,W,D,35.3892,1.2257,,,0.262,69.26972071,70.66479473,0.269712957
,,,,,,,,,,,,
249,Ampelopsis_cantoniensis,Vitaceae,W,D,10.8279,0.507,,,1.54,46.82348378,46.47324338,0.030177431
,,,,,,,,,,,,
250,Meliosma_rigida,Sabiaceae,W,E,33.72475,2.4827,2.3135,0.1692,0.3965,184.0413939,152.1521256,0.383738022
,,,,,,,,,,,,
251,Litsea_cubeba,Lauraceae,W,D,18.37625,0.8168,,,0.184,55.5608462,55.3859202,0.301010436
,,,,,,,,,,,,
252,Schefflera_heptaphylla,Araliaceae,W,E,26.314,1.7603,,,0.2715,111.4932482,94.85634608,0.349378807
,,,,,,,,,,,,
253,Psychotria_rubra,Rubiaceae,W,E,55.96825,1.3508,,,0.2655,60.3377808,57.93239929,0.218201127
,,,,,,,,,,,,
255,Syzygium_buxifolium,Myrtaceae,W,E,7.206875,0.5128,,,0.2295,88.94284971,87.21690881,0.380030104
,,,,,,,,,,,,
256,Machilus_thunbergii,Lauraceae,W,E,21.467,1.7691,,,0.312,137.3503517,122.2309963,0.391766014
,,,,,,,,,,,,
257,Ardisia_sieboldii,Primulaceae,W,E,19.61783333,0.8387,,,1.354,71.2531965,76.39437268,0.05642125
,,,,,,,,,,,,
258,Ficus_superba_var_japonica,Moraceae,W,E,54.89466667,1.9416,,,0.2995,117.8985208,113.9549393,0.380483937
,,,,,,,,,,,,
259,Hibiscus_makinoi,Malvaceae,NA,NA,137.713,1.9904,1.4479,0.5425,0.3155,48.1774899,40.74366543,0.129139986
,,,,,,,,,,,,
260,Gardenia_jasminoides,Rubiaceae,W,E,35.1785,0.9139,,,0.194,64.94733999,58.56901906,0.30190216
,,,,,,,,,,,,
261,Ternstroemia_gymnanthera,Theaceae,W,E,9.469375,1.3804,,,0.659,182.2189954,161.7014222,0.245373934
,,,,,,,,,,,,
262,Elaeocarpus_japonicus,Elaeocarpaceae,W,E,18.264,1.381,1.2222,0.1588,0.37,126.022047,116.5014183,0.314868698
,,,,,,,,,,,,
263,Psychotria_serpens,Rubiaceae,W,E,2.5689,0.2348,,,0.4695,91.40098875,86.58028904,0.184409561
,,,,,,,,,,,,
264,Eurya_japonica,Theaceae,W,E,11.823875,0.7333,,,0.2635,77.5232316,71.30141451,0.270593603
,,,,,,,,,,,,
265,Ligustrum_japonicum,Oleaceae,W,E,13.280625,1.2853,,,0.4545,120.9751047,126.0507149,0.277339307
,,,,,,,,,,,,
266,Hoya_carnosa,Apocynaceae,W,E,34.718,2.0675,,,2.5805,148.8781036,162.9746617,0.063156234
,,,,,,,,,,,,
268,Ilex_goshiensis,Aquifoliaceae,W,E,5.0139,0.6215,,,0.395,123.955404,119.0478974,0.301387082
,,,,,,,,,,,,
270,Maesa_tenera,Primulaceae,W,E,30.1625,1.0076,,,0.188,55.67619837,51.56620156,0.274288306
,,,,,,,,,,,,
271,Psychotria_rubra,Rubiaceae,W,E,49.11975,1.4435,,,0.2645,73.46841138,65.57183655,0.247908645
,,,,,,,,,,,,
272,Sarcandra_glabra,Chloranthaceae,W,E,47.69525,1.0276,,,0.3025,53.86280604,46.47324338,0.153630557
,,,,,,,,,,,,
273,Vernicia_cordata,Euphorbiaceae,W,D,197.899,6.2271,5.0441,1.183,0.231,104.8868362,84.67042972,0.366538657
,,,,,,,,,,,,
274,Zanthoxylum_ailanthoides,Rutaceae,W,D,24.397625,1.9807,,,0.3,101.4801646,91.03662745,0.303455425
,,,,,,,,,,,,
275,Symplocos_cochinchinensis,Symplocaceae,W,E,60.26725,3.1778,,,0.3345,131.8211798,114.591559,0.342575662
,,,,,,,,,,,,
276,Cinnamomum_daphnoides,Lauraceae,W,E,10.5015,1.8457,,,0.566,219.6948055,181.4366351,0.320559426
,,,,,,,,,,,,
277,Adina_pilulifera,Rubiaceae,W,E,10.191,0.7569,,,0.2455,92.83926994,96.7662054,0.394159696
,,,,,,,,,,,,
278,Syzygium_buxifolium,Myrtaceae,W,E,3.4686,0.4035,,,0.248,116.3293548,108.2253613,0.436392586
,,,,,,,,,,,,
279,Ternstroemia_gymnanthera,Theaceae,W,E,9.232625,1.1931,,,0.583,161.5331501,154.0619849,0.264257264
,,,,,,,,,,,,
281,Litsea_cubeba,Lauraceae,W,D,9.55875,0.6369,,,0.2255,83.28756375,100.585924,0.446057313
,,,,,,,,,,,,
282,Gardenia_jasminoides,Rubiaceae,W,E,23.561,1.2134,,,0.215,85.83393461,68.11831564,0.316829375
,,,,,,,,,,,,
283,Rhododendron_tashiroi,Ericaceae,W,E,5.663625,0.3907,,,0.2495,86.23010881,77.03099246,0.308741453
,,,,,,,,,,,,
284,Microtropis_japonica,Celastraceae,W,E,9.91525,1.0324,,,0.365,130.1530471,122.2309963,0.334879442
,,,,,,,,,,,,
285,,Boraginaceae,NA,NA,37.0535,1.5446,,,0.2845,104.2141768,96.12958563,0.33788958
,,,,,,,,,,,,
286,Ilex_integra,Aquifoliaceae,W,E,6.74675,0.8282,,,0.4865,153.4442509,162.338042,0.333685595
,,,,,,,,,,,,
287,Cocculus_laurifolius,Menispermaceae,NA,NA,22.476,1.3281,,,0.239,98.48282613,82.12395064,0.343614856
,,,,,,,,,,,,
288,Rhododendron_indicum,Ericaceae,W,E,0.681214286,0.0795,,,0.1935,83.35954703,,
,,,,,,,,,,,,
289,Rhus_javanica_var. chinensis,Anacardiaceae,NA,NA,30.52716667,2.1998,,,0.301,120.1006754,113.9549393,0.378587838
,,,,,,,,,,,,
290,Clerodendrum_trichotomum,Verbenaceae,W,D,146.154,3.5391,3.0585,0.4806,0.249,80.71623083,67.48169587,0.271010827
,,,,,,,,,,,,
291,Frangula_crenata,Rhamnaceae,W,D,21.63116667,0.6419,,,0.224,49.45795804,47.74648293,0.213153942
,,,,,,,,,,,,
292,Illicium_anisatum,Schisandraceae,W,E,5.33725,0.5395,,,0.397,126.3525224,144.5126883,0.364011809
,,,,,,,,,,,,
293,Juniperus_chinensis_var_sargentii,0,W,E,0.5994,0.2872,,,1.3395,319.4305417,,
,,,,,,,,,,,,
294,Frangula_crenata,Rhamnaceae,W,D,11.81325,0.8484,,,0.294,89.77207796,89.12676813,0.303152273
,,,,,,,,,,,,
295,Rhododendron_tashiroi,Ericaceae,W,E,3.5055,0.3342,,,0.288,119.1698759,133.0535324,0.461991432
,,,,,,,,,,,,
296,Smilax_china,Smilacaceae,W,E,14.626,0.5106,,,0.2565,87.27608369,73.21127382,0.285424069
,,,,,,,,,,,,
297,Buxus_microphylla_var_japonica,Buxaceae,W,E,1.539071429,0.3855,,,0.5355,178.9112173,213.9042435,0.3994477
,,,,,,,,,,,,
298,Pieris_japonica,Ericaceae,W,E,2.818461538,0.5464,,,0.4155,149.1266376,176.3436769,0.424413182
,,,,,,,,,,,,
299,Rubus_minusculus,Rosaceae,W,D,1.741125,0.0692,,,0.1405,49.68052265,,
,,,,,,,,,,,,
300,Symplocos_coreana,Symplocaceae,W,D,6.1056,0.5332,,,0.2835,87.32966457,86.58028904,0.305397845
,,,,,,,,,,,,
301,Buxus_microphylla_var_japonica,Buxaceae,W,E,,0.2712,,,0.33,,128.597194,0.389688467
,,,,,,,,,,,,
302,Tsuga_sieboldii,0,W,E,0.133123077,0.1005,,,0.454,116.1446897,,
,,,,,,,,,,,,
303,Abies_firma,0,W,E,0.441555556,0.2186,,,0.6915,183.3584969,,
,,,,,,,,,,,,
304,Tsuga_sieboldii,0,W,E,0.161541667,0.1455,,,0.4085,125.0967243,,
,,,,,,,,,,,,
305,Daphniphyllum_macropodum,Daphniphyllaceae,W,E,28.4902,2.6115,,,0.51,183.3261964,155.9718442,0.305827146
,,,,,,,,,,,,
306,Tripetaleia_paniculata,Ericaceae,W,D,2.9003,0.1851,,,0.1835,63.82098404,,
,,,,,,,,,,,,
307,Viburnum_furcatum,Caprifoliaceae,W,D,58.55133333,1.1527,,,0.256,65.62332768,62.38873769,0.243706007
,,,,,,,,,,,,
308,Vaccinium_yakushimense,Ericaceae,W,D,5.0131,0.193,,,0.1895,38.49913227,42.65352475,0.225084563
,,,,,,,,,,,,
309,Abies_firma,0,W,E,0.376166667,0.1526,,,0.6835,225.3729139,,
,,,,,,,,,,,,
310,Abies_firma,0,W,E,0.543826087,0.269,,,0.809,215.0623601,,
,,,,,,,,,,,,
311,Sorbus_commixta,Rosaceae,W,D,3.3381,0.2483,,,0.205,74.38363141,86.58028904,0.422342873
,,,,,,,,,,,,
312,Rubus_pectinellus,Rosaceae,W,E,7.851833333,0.1687,,,0.1535,35.80904672,31.83098862,0.207368004
,,,,,,,,,,,,
313,Alnus_firma,Betulaceae,W,D,10.36866667,0.7535,,,0.27,121.1181123,107.5887415,0.39847682
,,,,,,,,,,,,
314,"Hydrangea_petiolaris ",Hydrangeaceae,W,D,12.95266667,0.3011,,,0.166,38.74363066,35.01408748,0.210928238
,,,,,,,,,,,,
315,Tripetaleia_paniculata,Ericaceae,W,D,3.1816,0.2254,,,0.19,70.84485793,73.21127382,0.385322494
,,,,,,,,,,,,
316,Daphne_kiusiana,Thymelaeaceae,W,E,6.294555556,0.3297,,,0.21,58.1984431,43.92676429,0.209175068
,,,,,,,,,,,,
317,Rubus_pectinellus,Rosaceae,W,E,6.504666667,0.1444,,,0.1825,36.99907759,36.9239468,0.202322996
,,,,,,,,,,,,
318,Buxus_microphylla_var_japonica,Buxaceae,W,E,2.20175,0.3432,,,0.414,129.8966731,153.4253651,0.370592669
,,,,,,,,,,,,
319,Frangula_crenata,Rhamnaceae,W,D,6.606222222,0.5471,,,0.308,92.01762648,86.58028904,0.281104835
,,,,,,,,,,,,
320,Cornus_kousa,Cornaceae,W,D,13.5285,0.6649,,,0.23,81.91349127,79.57747155,0.345989007
,,,,,,,,,,,,
321,Viburnum_furcatum,Caprifoliaceae,W,D,60.20575,1.707,,,0.24,70.88193403,59.8422586,0.249342744
,,,,,,,,,,,,
323,Acer_sieboldianum,Sapindaceae,W,D,30.3075,0.7444,,,0.1615,61.40394292,57.29577951,0.354772629
,,,,,,,,,,,,
324,Lindera_erythrocarpa,Lauraceae,W,D,6.5779,0.4984,,,0.226,75.7688624,75.75775291,0.335211296
,,,,,,,,,,,,
325,Cleyera_japonica,Theaceae,W,E,4.707833333,0.5161,,,0.4365,182.7096683,182.7098747,0.418579323
,,,,,,,,,,,,
326,Viburnum urceolatum f. brevifolium,Caprifoliaceae,W,D,15.69083333,0.7396,,,0.2255,78.5596686,82.76057041,0.367009181
,,,,,,,,,,,,
327,Hydrangea_paniculata,Hydrangeaceae,W,D,43.90025,0.943,,,0.262,53.70128872,55.3859202,0.211396642
,,,,,,,,,,,,
328,Turpinia_ternata,Staphyleaceae,W,E,41.9285,1.7774,,,0.3955,105.978034,120.321137,0.304225378
,,,,,,,,,,,,
329,Elaeagnus_glabra,Elaeagnaceae,W,E,10.918,0.5427,,,0.2895,99.41381205,85.94366927,0.296869324
,,,,,,,,,,,,
331,Michelia_compressa,Magnoliaceae,W,E,21.0775,1.4087,,,0.3495,111.3905033,81.48733086,0.233154022
,,,,,,,,,,,,
332,Diospyros_japonica,Ebenaceae,W,D,58.88675,3.2489,2.9931,0.2558,0.2585,137.9300097,106.9521218,0.413741283
,,,,,,,,,,,,
333,Ampelopsis_glandulosa_var_heterophylla,Vitaceae,W,D,41.25075,1.3234,,,0.1795,80.20460234,68.75493542,0.383035852
,,,,,,,,,,,,
334,Ilex_goshiensis,Aquifoliaceae,W,E,4.20925,0.448,,,0.3375,133.0403278,147.6957872,0.437617147
,,,,,,,,,,,,
335,Actinidia_rufa,Actinidiaceae,W,D,66.6445,2.6885,,,0.233,100.8522834,84.03380995,0.360660129
,,,,,,,,,,,,
336,Prunus_zippeliana,Rosaceae,W,E,46.80275,3.4238,,,0.439,182.8845527,180.1633956,0.410394979
,,,,,,,,,,,,
337,Ficus_thunbergii,Moraceae,W,E,6.65025,0.6961,,,0.4635,130.8409458,96.12958563,0.207399322
,,,,,,,,,,,,
338,Elaeagnus_pungens,Elaeagnaceae,W,E,5.6663,0.9168,,,0.4945,161.7987046,171.8873385,0.347598258
,,,,,,,,,,,,
339,Elaeagnus_umbellata,Elaeagnaceae,W,D,8.3621,0.8347,,,0.266,99.81942335,98.03944494,0.368569342
,,,,,,,,,,,,
340,Stachyurus_praecox_var_lancifolius,Stachyuraceae,W,D,82.628,2.8773,2.6341,0.2432,0.2355,116.0744542,101.8591636,0.432522988
,,,,,,,,,,,,
341,Zanthoxylum_schinifolium,Rutaceae,NA,NA,1.867391304,0.4115,,,0.2465,84.39986873,74.48451337,0.302168411
,,,,,,,,,,,,
342,Trachelospermum_asiaticum,Apocynaceae,W,E,13.22933333,0.8313,,,0.397,104.7293892,98.03944494,0.246950743
,,,,,,,,,,,,
344,Crateva_formosensis,Brassicaceae,W,D,38.683,1.5229,,,1.754,98.42178735,97.40282517,0.055531827
,,,,,,,,,,,,
345,Maclura_cochinchinensis_var. gerontogea,Moraceae,NA,NA,9.80075,0.6758,,,,86.19238324,64.29859701,
,,,,,,,,,,,,
346,Cinnamomum_daphnoides,Lauraceae,W,E,4.2551,1.0416,,,0.6025,244.7886066,209.4479051,0.347631378
,,,,,,,,,,,,
347,Euonymus_japonicus,Celastraceae,W,E,41.641,2.0175,,,0.4035,121.1246128,104.4056427,0.258750044
,,,,,,,,,,,,
348,Caesalpinia_decapetala_var. japonica,Fabaceae,NA,NA,1.733411765,0.211,,,0.1645,71.60309488,,
,,,,,,,,,,,,
349,Litsea_japonica,Lauraceae,W,E,18.1055,3.0826,,,0.4125,212.8220706,180.8000154,0.438303068
,,,,,,,,,,,,
254-2,Ilex_integra,Aquifoliaceae,W,E,9.159375,1.0286,,,0.4325,140.3752985,127.9605742,0.295862599
,,,,,,,,,,,,
401,Morus_australis,Moraceae,W,D,82.18366667,2.08337,,,0.25,84.50056986,71.98896386,0.287955855
,,,,,,,,,,,,
402,Maesa_tenera,Primulaceae,W,E,55.168,1.09151,,,0.183,49.46300392,45.04721509,0.246159645
,,,,,,,,,,,,
403,Callicarpa_japonica_var_luxurians,Verbenaceae,W,D,33.589,0.69038,,,0.204,51.38438179,41.17656688,0.201845916
,,,,,,,,,,,,
404,Prunus_jamasakura,Rosaceae,W,D,37.855,1.59496,,,0.155,105.3335094,102.1138115,0.658798784
,,,,,,,,,,,,
405,Clerodendrum_trichotomum,Verbenaceae,W,D,172.141,0.91611,,,0.248,53.21858244,44.53791927,0.179588384
,,,,,,,,,,,,
406,Meliosma_rigida,Sabiaceae,W,E,46.64833333,2.04053,,,0.3595,145.8094251,114.591559,0.318752598
,,,,,,,,,,,,
407,Buddleja_curviflora,Scrophulariaceae,W,D,52.30075,1.7542,,,0.3435,83.85157001,77.45116151,0.225476453
,,,,,,,,,,,,
408,Vernicia_cordata,Euphorbiaceae,W,D,178.868,1.66747,,,0.2165,93.22349442,73.08394987,0.337570207
,,,,,,,,,,,,
409,Lagerstroemia_subcostata_var_fauriei,Lythraceae,W,D,34.8435,0.89889,,,0.1595,64.49481252,66.97240005,0.419889656
,,,,,,,,,,,,
410,Premna_microphylla,Verbenaceae,W,D,57.4775,1.82769,,,0.2095,79.4958897,78.12597846,0.372916365
,,,,,,,,,,,,
411,Elaeocarpus_sylvestris_var_ellipticus,Elaeocarpaceae,W,E,10.42366667,0.84027,,,0.294,134.3529148,123.9626021,0.421641504
,,,,,,,,,,,,
412,Ampelopsis_cantoniensis,Vitaceae,W,D,11.24061111,1.25988,,,0.2385,62.26826339,69.77352705,0.292551476
,,,,,,,,,,,,
413,Trachelospermum_asiaticum,Apocynaceae,W,E,9.983777778,0.89236,,,0.3305,99.3122176,106.9011922,0.323452926
,,,,,,,,,,,,
414,Hydrangea_grosseserrata,Hydrangeaceae,W,D,55.455,0.74071,,,0.1905,33.39239023,33.81724231,0.177518332
,,,,,,,,,,,,
415,Helicia_cochinchinensis,Proteaceae,W,E,24.682,0.99619,,,0.2975,100.9024795,83.83009163,0.281781821
,,,,,,,,,,,,
416,Nageia_nagi,Podocarpaceae,W,E,15.08933333,1.52303,,,0.325,112.1491267,83.97014798,0.258369686
,,,,,,,,,,,,
417,Premna_microphylla,Verbenaceae,W,D,28.312,0.78808,,,0.205,69.58886691,69.49341435,0.338992265
,,,,,,,,,,,,
418,Morus_australis,Moraceae,W,D,30.961,1.63011,,,0.27,105.3008624,116.845193,0.432759974
,,,,,,,,,,,,
419,Elaeagnus_umbellata,Elaeagnaceae,W,D,9.7448,1.07617,,,0.286,110.4353091,97.39009278,0.3405248
,,,,,,,,,,,,
420,Tetradium_glabrifolium_var_glauca,Rutaceae,W,D,15.67378947,3.07884,,,0.219,103.3854709,87.58614828,0.39993675
,,,,,,,,,,,,
421,Rhus_succedanea,Anacardiaceae,W,D,14.00835714,1.59819,,,0.266,81.49166059,84.49217619,0.31763976
,,,,,,,,,,,,
422,Kadsura_japonica,Schisandraceae,W,E,23.67675,1.11119,,,0.283,78.21949099,78.08778128,0.275928556
,,,,,,,,,,,,
423,Euscaphis_japonica,Staphyleaceae,W,D,13.51988889,1.23077,,,0.2555,101.1489246,97.97578297,0.383466861
,,,,,,,,,,,,
424,Ardisia_crenata,Primulaceae,W,E,21.91783333,1.33818,,,0.317,101.7573209,84.63223254,0.266978652
,,,,,,,,,,,,
425,Callicarpa_japonica_var_luxurians,Verbenaceae,W,D,92.2145,1.00721,,,0.232,54.61234405,50.77679304,0.218865487
,,,,,,,,,,,,
426,Litsea_cubeba,Lauraceae,W,D,36.2022,0.8452,,,0.229,46.69329488,42.41160924,0.185203534
,,,,,,,,,,,,
427,Schefflera_heptaphylla,Araliaceae,W,E,61.50744444,6.14869,,,0.311,111.0739983,84.04654235,0.270246117
,,,,,,,,,,,,
428,Eurya_emarginata,Theaceae,W,E,3.138533333,0.71648,,,0.652,152.1899826,156.1755626,0.239533071
,,,,,,,,,,,,
429,Oreocnide_pedunculata,Urticaceae,W,E,18.50516667,0.80731,,,0.2725,72.71032414,74.71369649,0.274178703
,,,,,,,,,,,,
430,Ampelopsis_glandulosa_var_heterophylla,Vitaceae,W,D,40.6096,1.04811,,,0.2045,51.61882905,51.7444551,0.25302912
,,,,,,,,,,,,
431,Zanthoxylum_ailanthoides,Rutaceae,W,D,20.71584211,4.22903,,,0.2595,107.4445949,82.35313375,0.317353117
,,,,,,,,,,,,
432,Rubus_grayanus,Rosaceae,W,D,30.445,0.73106,,,0.2515,80.04160508,69.72259747,0.277227028
,,,,,,,,,,,,
433,Callicarpa_japonica_var_luxurians,Verbenaceae,W,D,37.86666667,0.93174,,,0.2465,82.0193662,80.36688006,0.326031968
,,,,,,,,,,,,
434,Cornus_macrophylla,Cornaceae,W,D,43.65475,1.63147,,,0.249,93.43026818,70.89397785,0.28471477
,,,,,,,,,,,,
435,Ilex_liukiuensis,Aquifoliaceae,H,E,8.308875,0.94451,,,0.429,142.0935446,135.6127439,0.316113622
,,,,,,,,,,,,
437,Cinnamomum_tenuifolium,Lauraceae,W,E,18.67633333,1.23311,,,0.306,110.042121,103.8708821,0.339447327
,,,,,,,,,,,,
438,Ilex_rotunda,Aquifoliaceae,W,E,15.288,0.60658,,,0.398,99.19217687,108.6964599,0.273106683
,,,,,,,,,,,,
439,Prunus_zippeliana,Rosaceae,W,E,22.10825,1.09951,,,0.3155,124.3325455,142.1317304,0.450496768
,,,,,,,,,,,,
440,Symplocos_cochinchinensis,Symplocaceae,W,E,61.524,2.94885,,,0.28,119.8251902,74.6627669,0.266652739
,,,,,,,,,,,,
441,Diospyros_morrisiana,Ebenaceae,W,E,13.2514,0.47959,,,0.23,72.38329535,74.21713306,0.322683187
,,,,,,,,,,,,
442,Diospyros_morrisiana,Ebenaceae,W,E,9.71725,0.68767,,,0.2595,88.45995523,83.97014798,0.323584385
,,,,,,,,,,,,
443,Ardisia_quinquegona,Primulaceae,W,E,25.07733333,0.52083,,,0.2295,69.229849,53.65431442,0.233787862
,,,,,,,,,,,,
444,Anodendron_affine,Apocynaceae,W,E,26.4995,0.43906,,,0.397,82.84307251,101.4262621,0.255481769
,,,,,,,,,,,,
445,Cyathea_spinulosa,Cyatheaceae,W,E,10.98283333,1.54491,,,0.415,39.07385769,,
,,,,,,,,,,,,
446,Lasianthus_japonicus,Rubiaceae,W,E,31.1585,0.56875,,,0.2235,45.63361523,38.17172155,0.1707907
,,,,,,,,,,,,
447,Ilex_liukiuensis,Aquifoliaceae,H,E,7.5395,0.92064,,,0.4095,152.6361165,131.6020393,0.321372501
,,,,,,,,,,,,
448,Helicia_cochinchinensis,Proteaceae,W,E,21.1856,0.82143,,,0.3215,77.54606903,94.95820525,0.295359892
,,,,,,,,,,,,
449,Osmanthus_marginatus,Oleaceae,NA,NA,22.433,0.8519,,,0.1855,94.9382606,,
,,,,,,,,,,,,
450,Neolitsea_sericea,Lauraceae,W,E,27.26325,1.02847,,,0.2005,94.30918911,76.52169664,0.381654347
,,,,,,,,,,,,
451,Ardisia_quinquegona,Primulaceae,W,E,26.37225,0.87387,,,0.322,82.83991696,77.85859816,0.241796889
,,,,,,,,,,,,
452,Turpinia_ternata,Staphyleaceae,W,E,41.509,1.29903,,,0.2775,104.317136,90.3236133,0.325490498
,,,,,,,,,,,,
453,Piper_kadzura,Piperaceae,W,E,22.082,0.31156,,,0.2965,47.03076412,50.80225783,0.171339824
,,,,,,,,,,,,
454,Cinnamomum_tenuifolium,Lauraceae,W,E,16.96471429,1.4623,,,0.327,123.1379418,110.4917277,0.337895192
,,,,,,,,,,,,
455,Ficus_thunbergii,Moraceae,W,E,8.4635,0.8079,,,0.4805,119.3212028,95.96406449,0.199717096
,,,,,,,,,,,,
456,Idesia_polycarpa,Salicaceae,W,D,200.121,2.55568,,,0.287,127.7067374,78.5970771,0.273857411
,,,,,,,,,,,,
457,Clematis_crassifolia,Ranunculaceae,H,,45.00566667,2.92299,,,0.755,216.490516,192.9849178,0.255609163
,,,,,,,,,,,,
458,Elaeagnus_glabra,Elaeagnaceae,W,E,8.939833333,0.54379,,,0.253,101.3795932,95.45476867,0.377291576
,,,,,,,,,,,,
,,,,,,,,,,,,
460,Psychotria_serpens,Rubiaceae,W,E,3.8622,0.29745,,,0.458,77.01569054,71.84890751,0.156875344
,,,,,,,,,,,,
461,Rhus_javanica_var. chinensis,Anacardiaceae,NA,NA,30.36508333,3.09622,,,0.405,84.97204849,79.27189406,0.195733072
,,,,,,,,,,,,
462,Aralia_elata,Araliaceae,W,D,16.66262667,7.15167,,,0.172,57.22723188,35.58704528,0.206901426
,,,,,,,,,,,,
463,Ficus_pumila,Moraceae,W,E,28.083,2.02273,,,0.439,180.0671225,127.7186587,0.290930885
,,,,,,,,,,,,
464,Tetradium_glabrifolium_var_glauca,Rutaceae,W,D,14.29483333,1.77286,,,0.24,103.350861,78.25330242,0.326055427
,,,,,,,,,,,,
465,Melia_azedarach,Meliaceae,W,D,4.44991954,7.38896,,,0.257,95.42933748,63.19087861,0.245878905
,,,,,,,,,,,,
466,Cinnamomum_tenuifolium,Lauraceae,W,E,8.44425,0.90553,,,0.378,134.0453563,145.53128,0.385003386
,,,,,,,,,,,,
467,Diospyros_japonica,Ebenaceae,W,D,45.393,1.49918,,,0.234,110.0889271,87.76440182,0.375061546
,,,,,,,,,,,,
468,Mallotus_japonicus,Euphorbiaceae,W,D,108.131,2.15828,,,0.3055,99.79931749,88.96124699,0.291198844
,,,,,,,,,,,,
469,Litsea_japonica,Lauraceae,W,E,45.74066667,2.53325,,,0.443,184.6096107,166.9471691,0.376855912
,,,,,,,,,,,,
470,Ardisia_sieboldii,Primulaceae,W,E,43.17366667,1.49347,,,0.327,115.3071703,91.51119855,0.27985076
,,,,,,,,,,,,
471,Ilex_rotunda,Aquifoliaceae,W,E,17.20175,0.79102,,,0.403,114.9621405,108.3908824,0.268960006
,,,,,,,,,,,,
472,Elaeagnus_umbellata,Elaeagnaceae,W,D,8.1581,0.79653,,,0.298,97.63670462,88.24823285,0.29613501
,,,,,,,,,,,,
473,Diospyros_kaki,Ebenaceae,W,D,69.3215,1.67839,,,0.3715,121.0584018,100.1912198,0.269693728
,,,,,,,,,,,,
474,Ficus_nipponica,Moraceae,W,E,6.053375,0.57281,,,0.479,118.2831891,98.90524784,0.206482772
,,,,,,,,,,,,
475,Parthenocissus_tricuspidata,Vitaceae,W,D,64.587,0.57955,,,0.186,44.86583987,47.92473646,0.257659873
,,,,,,,,,,,,
476,Psychotria_rubra,Rubiaceae,W,E,32.078,0.47169,,,0.336,49.01490118,44.79256718,0.133311212
,,,,,,,,,,,,
477,Morinda_umbellata,Rubiaceae,W,D,21.488,0.52677,,,0.2445,61.28653202,58.51808948,0.239337789
,,,,,,,,,,,,
478,Lonicera_affinis,Caprifoliaceae,W,ED,18.27633333,0.55295,,,0.308,100.8499152,89.50873999,0.290612792
,,,,,,,,,,,,
479,Psychotria_rubra,Rubiaceae,W,E,36.574,0.71686,,,0.3345,65.33420827,49.70727183,0.148601709
,,,,,,,,,,,,
480,Erycibe_henryi,Convolvulaceae,W,E,38.1655,1.69531,,,0.3475,111.0499011,62.58551108,0.18010219
,,,,,,,,,,,,
481,Neolitsea_sericea,Lauraceae,W,E,21.0915,1.09043,,,0.215,129.2499348,121.0978131,0.563245642
,,,,,,,,,,,,
482,Elaeagnus_glabra,Elaeagnaceae,W,E,11.76914286,1.31001,,,0.494,159.0126724,150.7006325,0.305062009
,,,,,,,,,,,,
483,Cinnamomum_daphnoides,Lauraceae,W,E,4.065333333,1.58741,,,0.5545,216.9304143,195.9642983,0.353407211
,,,,,,,,,,,,
484,Psychotria_serpens,Rubiaceae,W,E,3.36875,0.22534,,,0.6795,83.61410019,69.40428758,0.102140232
,,,,,,,,,,,,
485,Amorpha_fruticosa,Fabaceae,NA,NA,2.103772727,0.24724,,,0.2395,53.41918199,57.35944149,0.239496624
,,,,,,,,,,,,
486,Viburnum_odoratissimum_var_awabuki,Caprifoliaceae,W,E,31.756,1.19029,,,0.362,124.9412185,80.20135892,0.221550715
,,,,,,,,,,,,
487,Actinidia_rufa,Actinidiaceae,W,D,60.78866667,2.01817,,,0.309,110.6659136,87.58614828,0.283450318
,,,,,,,,,,,,
488,Elaeocarpus_japonicus,Elaeocarpaceae,W,E,13.7238,1.05536,,,0.4105,153.7999679,166.234155,0.404955311
,,,,,,,,,,,,
489,Tetradium_glabrifolium_var_glauca,Rutaceae,W,D,12.5636,1.65987,,,0.226,88.07825782,86.9877257,0.384901441
,,,,,,,,,,,,
490,Ficus_superba_var_japonica,Moraceae,W,E,43.2195,1.71871,,,0.2315,99.4175083,94.09240236,0.406446662
,,,,,,,,,,,,
491,Lonicera_affinis,Caprifoliaceae,W,ED,20.32025,0.87228,,,0.2875,107.3165931,79.4374152,0.276304053
,,,,,,,,,,,,
492,Anodendron_affine,Apocynaceae,W,E,29.0238,1.41995,,,0.437,97.84728395,108.0471078,0.247247386
,,,,,,,,,,,,
493,Hoya_carnosa,Apocynaceae,W,E,39.339,1.07946,,,1.446,91.46648364,68.33476637,0.047257791
,,,,,,,,,,,,
494,Morinda_umbellata,Rubiaceae,W,D,20.7695,0.55269,,,0.2025,44.35109175,44.72890521,0.220883483
,,,,,,,,,,,,
495,Nageia_nagi,Podocarpaceae,W,E,20.22666667,1.25668,,,0.406,103.5497693,90.80744433,0.223663656
,,,,,,,,,,,,
496,Lagerstroemia_subcostata_var_fauriei,Lythraceae,W,D,27.9076,0.87382,,,0.199,62.6223681,52.5847932,0.264245192
,,,,,,,,,,,,
497,Machilus_japonica,Lauraceae,W,E,19.38371429,1.5083,,,0.323,111.161063,101.7191072,0.314919837
,,,,,,,,,,,,
498,Scurrula_yadoriki,Loranthaceae,W,E,9.105222222,1.51535,,,0.5525,184.9183009,207.0032852,0.37466658
,,,,,,,,,,,,
499,Ficus_pumila,Moraceae,W,E,27.29625,1.23172,,,0.362,112.8103677,91.1766838,0.251869292
,,,,,,,,,,,,
500,Myrsine_seguinii,Primulaceae,W,E,19.22933333,0.60248,,,0.3705,104.4376647,93.1247403,0.251348827
,,,,,,,,,,,,
501,Parthenocissus_tricuspidata,Vitaceae,W,D,105.522,,,,0.203,,59.33296278,0.292280605
,,,,,,,,,,,,
502,Ficus_nipponica,Moraceae,W,E,14.121,0.95341,,,0.504,168.7929325,144.9455898,0.287590456
,,,,,,,,,,,,
503,Myrsine_seguinii,Primulaceae,W,E,19.2775,0.81437,,,0.324,105.6114641,93.73589528,0.289308319
,,,,,,,,,,,,
504,Firmiana_simplex,Malvaceae,W,D,185.743,1.21873,,,0.2475,65.61377818,46.54963776,0.188079344
,,,,,,,,,,,,
505,Lonicera_affinis,Caprifoliaceae,W,ED,18.3715,0.40782,,,0.2075,55.49628501,46.69316658,0.225027309
,,,,,,,,,,,,
506,Cleyera_japonica,Theaceae,W,E,11.95514286,1.29214,,,0.459,154.403365,137.3188849,0.299169684
,,,,,,,,,,,,
507,Myrsine_seguinii,Primulaceae,W,E,22.8725,1.23885,,,0.3265,135.4082413,114.3751083,0.35030661
,,,,,,,,,,,,
508,Firmiana_simplex,Malvaceae,W,D,233.336,1.7012,,,0.263,72.9077382,54.31639898,0.206526232
,,,,,,,,,,,,
509,Firmiana_simplex,Malvaceae,W,D,237.039,1.7971,,,0.229,75.81452841,65.82648446,0.287451897
,,,,,,,,,,,,
510,Ardisia_crenata,Primulaceae,W,E,30.106,0.45594,,,0.284,75.72244735,62.46513206,0.219947648
,,,,,,,,,,,,
511,Camellia_sasanqua,Theaceae,W,E,5.379444444,0.90999,,,0.4255,187.9562119,169.2008031,0.397651711
,,,,,,,,,,,,
512,Camellia_sasanqua,Theaceae,W,E,8.336,0.48609,,,0.2645,97.18690019,99.72012114,0.377013691
,,,,,,,,,,,,
513,Ampelopsis_cantoniensis,Vitaceae,W,D,24.6885,1.95892,,,0.242,79.34544424,72.03989344,0.29768551
,,,,,,,,,,,,
514,Anodendron_affine,Apocynaceae,W,E,20.40175,0.85426,,,0.466,104.6797456,71.61972439,0.153690396
,,,,,,,,,,,,
515,Diplomorpha_pauciflora_var_yakusimensis,Euphorbiaceae,W,D,15.0345,0.51883,,,0.1935,57.51549215,63.35639975,0.327423255
,,,,,,,,,,,,
516,Diplomorpha_pauciflora_var_yakusimensis,Euphorbiaceae,W,D,15.2892,0.51825,,,0.2525,67.79295189,56.88834286,0.225300368
,,,,,,,,,,,,
517,Fraxinus_sieboldiana,Oleaceae,W,D,7.7986,0.41327,,,0.242,105.9856897,100.8533043,0.416749191
,,,,,,,,,,,,
518,Fraxinus_sieboldiana,Oleaceae,W,D,10.4271,0.778,,,0.204,74.61326735,81.79290835,0.400945629
,,,,,,,,,,,,
519,Ilex_goshiensis,Aquifoliaceae,W,E,3.6026,0.6031,,,0.337,167.4068728,153.323506,0.454965893
,,,,,,,,,,,,
520,Ilex_integra,Aquifoliaceae,W,E,11.22583333,1.20536,,,0.5775,178.9562764,167.0362959,0.289240339
,,,,,,,,,,,,
521,Mussaenda_parviflora,Rubiaceae,W,E,41.527,0.59764,,,0.207,47.97200215,44.28327137,0.213928847
,,,,,,,,,,,,
522,Uncaria_rynchophylla,Rubiaceae,W,E,27.34833333,1.37402,,,0.219,83.73575477,85.45983824,0.390227572
,,,,,,,,,,,,
523,Osmanthus_rigidus,Oleaceae,W,E,10.683,0.81762,,,0.4765,255.1156042,166.9980987,0.350468203
,,,,,,,,,,,,
524,Dendropanax_trifidus,Araliaceae,W,E,194.461,1.54146,,,0.278,79.26833658,42.99729943,0.154666545
,,,,,,,,,,,,
525,Actinodaphne_coreana,Lauraceae,W,E,14.039,0.63417,,,0.227,90.3440416,79.18276729,0.348822763
,,,,,,,,,,,,
527,Osmanthus_rigidus,Oleaceae,W,E,13.32066667,0.88043,,,0.6045,220.316801,152.6359566,0.252499515
,,,,,,,,,,,,
528,Dendropanax_trifidus,Araliaceae,W,E,73.3365,1.2835,,,0.251,87.5075849,57.0665964,0.227356958
,,,,,,,,,,,,
529,Symplocos_tanakae,Symplocaceae,W,E,31.19575,1.55552,,,0.4105,124.6580063,86.23651436,0.210076771
,,,,,,,,,,,,
530,Cleyera_japonica,Theaceae,W,E,14.75425,0.76954,,,0.3365,130.3929376,115.0626577,0.341939547
,,,,,,,,,,,,
531,Symplocos_tanakae,Symplocaceae,W,E,35.14333333,1.57589,,,0.4365,149.4726359,141.2786599,0.323662451
,,,,,,,,,,,,
532,Trachelospermum_asiaticum,Apocynaceae,W,E,10.6114,0.44275,,,0.367,83.4479899,77.85859816,0.212148769
,,,,,,,,,,,,
533,Morinda_umbellata,Rubiaceae,W,D,,0.55394,,,0.287,,54.86389198,0.191163387
,,,,,,,,,,,,
534,Symplocos_glauca,Symplocaceae,W,E,45.8802,1.41582,,,0.2755,61.71812677,48.73960977,0.176913284
,,,,,,,,,,,,
535,Symplocos_glauca,Symplocaceae,W,E,27.78875,0.94275,,,0.261,84.81399847,62.43966727,0.239232442
,,,,,,,,,,,,
536,Alnus_sieboldiana,Betulaceae,W,D,37.5685,0.69846,,,0.3635,92.95819636,79.25916166,0.218044461
,,,,,,,,,,,,
601,Prunus_jamasakura,Rosaceae,W,D,28.44375,0.71274,,,0.2565,62.64469347,,
,,,,,,,,,,,,
602,Carpinus_laxiflora,Betulaceae,W,D,8.793666667,0.43973,,,0.198,55.56145206,,
,,,,,,,,,,,,
603,Symplocos_glauca,Symplocaceae,W,E,22.9178,1.04069,,,0.3155,90.81936312,,
,,,,,,,,,,,,
604,Quercus_acuta,Fagaceae,W,E,32.3765,2.48765,,,0.4125,192.0876253,,
,,,,,,,,,,,,
605,Actinidia_rufa,Actinidiaceae,W,D,35.881,0.51845,,,0.2565,48.16383787,,
,,,,,,,,,,,,
606,Machilus_japonica,Lauraceae,W,E,23.0378,0.98828,,,0.2415,85.79638681,,
,,,,,,,,,,,,
607,Lindera_erythrocarpa,Lauraceae,W,D,16.69733333,0.79597,,,0.2325,79.45081051,,
,,,,,,,,,,,,
608,Lindera_erythrocarpa,Lauraceae,W,D,11.04211111,0.82853,,,0.2585,83.37073225,,
,,,,,,,,,,,,
609,Zanthoxylum_yakumontanum,Rutaceae,W,D,17.82718182,1.62869,,,0.2755,83.05447759,,
,,,,,,,,,,,,
610,Anodendron_affine,Apocynaceae,W,E,17.247,0.66151,,,0.354,95.88769061,87.84079619,0.248137842
,,,,,,,,,,,,
612,Randia_cochinchinensis,Rubiaceae,W,E,22.45325,0.79468,,,0.1715,88.48162293,78.04958409,0.455099616
,,,,,,,,,,,,
613,Hydrangea_grosseserrata,Hydrangeaceae,W,D,38.1125,0.29349,,,0.206,19.25155789,15.86456473,0.07701245
,,,,,,,,,,,,
,,,,,,,,,,,,
,,,,,,,,,,,,
616,Damnacanthus_indicus,Rubiaceae,W,E,1.420233333,0.2308,,,0.1355,54.16950266,,
,,,,,,,,,,,,
618,Lasianthus_fordii_f_pubescens,Rubiaceae,W,E,33.72825,0.67788,,,0.2825,50.2457139,40.99831334,0.145126773
,,,,,,,,,,,,
619,Lasianthus_fordii,Rubiaceae,W,E,16.5312,0.42539,,,0.2635,51.4651084,45.83662361,0.173953031
,,,,,,,,,,,,
620,Aucuba_japonica_var_ovoidea,Garryaceae,W,E,38.14825,1.08427,,,0.293,71.05633941,56.7737513,0.193767069
,,,,,,,,,,,,
621,Illicium_anisatum,Schisandraceae,W,E,22.999,0.755,,,0.298,82.0687856,62.9362307,0.211195405
,,,,,,,,,,,,
622,Machilus_japonica,Lauraceae,W,E,19.79333333,1.29844,,,0.24,109.3331088,93.77409247,0.390725385
,,,,,,,,,,,,
623,Lasianthus_fordii_f_pubescens,Rubiaceae,W,E,22.1814,0.61208,,,0.2755,55.18858142,,
,,,,,,,,,,,,
624,Damnacanthus_indicus,Rubiaceae,W,E,0.962777778,0.13705,,,0.2555,39.54125793,,
,,,,,,,,,,,,
627,Maesa_japonica,Primulaceae,W,E,16.67475,0.47126,,,0.2945,70.65473245,,
,,,,,,,,,,,,
628,Ilex_pedunculosa,Aquifoliaceae,W,E,9.482,0.7991,,,0.2655,140.4591155,106.3664316,0.400626861
,,,,,,,,,,,,
629,Ilex_crenata_var_fukasawana,Aquifoliaceae,W,E,1.703263158,0.29374,,,0.37,90.76694889,,
,,,,,,,,,,,,
630,Skimmia_japonica,Rutaceae,W,E,21.93425,1.29485,,,0.4885,147.5831177,131.3728562,0.268931128
,,,,,,,,,,,,
631,Schizophragma_hydrangeoides,Hydrangeaceae,W,D,38.72233333,0.69354,,,0.2375,59.70198077,42.30975007,0.178146316
,,,,,,,,,,,,
632,Skimmia_japonica,Rutaceae,W,E,14.1815,0.86737,,,0.403,101.9367956,85.66355657,0.212564657
,,,,,,,,,,,,
633,Podocarpus_macrophyllus,Podocarpaceae,W,E,4.129142857,0.47959,,,0.6705,165.9251315,,
,,,,,,,,,,,,
634,Damnacanthus_indicus,Rubiaceae,W,E,2.678388889,0.28009,,,0.371,58.09669992,,
,,,,,,,,,,,,
635,Ilex_crenata_var_fukasawana,Aquifoliaceae,W,E,1.945947368,0.48489,,,0.414,131.1470533,,
,,,,,,,,,,,,
636,Ardisia_crenata,Primulaceae,W,E,13.7162,0.4477,,,0.258,65.28047127,51.00597616,0.197697582
,,,,,,,,,,,,
637,Tsuga_sieboldii,Pinaceae,W,E,0.131035714,0.11135,,,0.471,151.7443445,,
,,,,,,,,,,,,
638,Podocarpus_macrophyllus,Podocarpaceae,W,E,9.065222222,1.10162,,,0.4965,135.0239622,,
,,,,,,,,,,,,
639,Ligustrum_japonicum,Oleaceae,W,E,8.8695,1.09931,,,0.3305,154.9284063,158.7602388,0.480363809
,,,,,,,,,,,,
640,Ilex_pedunculosa,Aquifoliaceae,W,E,13.5325,1.15273,,,0.2495,106.4779235,92.48812053,0.37069387
,,,,,,,,,,,,
641,Chamaecyparis_obtusa,Cupressaceae,W,E,2.203647059,0.60545,,,0.892,161.6171053,,
,,,,,,,,,,,,
642,Chamaecyparis_obtusa,Cupressaceae,W,E,6.103666667,0.64086,,,0.916,174.9931735,,
,,,,,,,,,,,,
643,Pinus_densiflora,Pinaceae,W,E,0.771807692,0.52789,,,1.3615,263.0637365,,
,,,,,,,,,,,,
644,Abelia_serrata,Caprifoliaceae,W,D,3.652692308,0.30124,,,0.192,63.43898073,77.87133056,0.405579847
,,,,,,,,,,,,
645,Syzygium_buxifolium,Myrtaceae,W,E,1.059904762,0.20562,,,0.3385,92.38026777,,
,,,,,,,,,,,,
646,Pinus_densiflora,Pinaceae,W,E,1.078777778,0.37365,,,1.0115,192.4245545,,
,,,,,,,,,,,,
647,Osmanthus_heterophyllus,Oleaceae,W,E,5.766222222,1.04002,,,0.5435,200.4046555,207.2324683,0.38129249
,,,,,,,,,,,,
648,Syzygium_buxifolium,Myrtaceae,W,E,0.8872,0.28948,,,0.331,93.22426897,,
,,,,,,,,,,,,
649,Abelia_serrata,Caprifoliaceae,W,D,3.604294118,0.51249,,,0.249,83.6404289,,
,,,,,,,,,,,,
650,Skimmia_japonica,Rutaceae,W,E,14.21783333,1.03133,,,0.4445,120.8962922,98.35775483,0.221277289
,,,,,,,,,,,,
651,Syzygium_buxifolium,Myrtaceae,W,E,1.001933333,0.31906,,,0.3155,106.1481136,,
,,,,,,,,,,,,
652,Vaccinium_yakushimense,Ericaceae,W,D,2.195923077,0.23864,,,0.2,83.59547413,,
,,,,,,,,,,,,
653,Podocarpus_macrophyllus,Podocarpaceae,W,E,2.763833333,0.57743,,,0.68,174.102997,,
,,,,,,,,,,,,
654,Abelia_serrata,Caprifoliaceae,W,D,11.92466667,0.38122,,,0.1845,53.28171298,53.74344118,0.291292364
,,,,,,,,,,,,
655,Rhododendron_keiskei,Ericaceae,W,E,6.121142857,0.28426,,,2.2575,66.34148618,,
,,,,,,,,,,,,
656,Ilex_crenata_var_fukasawana,Aquifoliaceae,W,E,2.815285714,0.42683,,,0.3105,108.2940072,,
,,,,,,,,,,,,
657,Lasianthus_fordii_f_pubescens,Rubiaceae,W,E,31.3245,0.6579,,,0.41,52.50682373,49.05791966,0.119653463
,,,,,,,,,,,,
658,Maesa_japonica,Primulaceae,W,E,22.6855,0.64101,,,0.3045,70.64093804,53.23414537,0.17482478
,,,,,,,,,,,,
659,Sarcandra_glabra,Chloranthaceae,W,E,16.08433333,0.46117,,,0.244,47.78666611,,
,,,,,,,,,,,,
660,Lasianthus_fordii,Rubiaceae,W,E,22.45075,0.48299,,,0.305,53.78328118,41.62220072,0.136466232
,,,,,,,,,,,,
661,Randia_cochinchinensis,Rubiaceae,W,E,23.4208,0.972,,,0.217,83.00314251,,
,,,,,,,,,,,,
662,Rubus_palmatus_var_yakumontanus,Rosaceae,W,D,23.5814,0.84354,,,0.2925,71.54282613,72.58738645,0.248162005
,,,,,,,,,,,,
663,Bredia_hirsuta,Melastomataceae,W,E,11.61566667,0.27645,,,0.3035,39.66625534,,
,,,,,,,,,,,,
664,Callicarpa_shikokiana,Verbenaceae,W,D,7.9945,0.33134,,,0.385,51.80749265,59.43482195,0.154376161
,,,,,,,,,,,,
665,Rubus_sieboldii,Rosaceae,W,E,151.306,1.55838,,,0.6145,102.9952546,84.78502128,0.137973997
,,,,,,,,,,,,
666,Piper_kadzura,Piperaceae,W,E,20.65125,0.40964,,,0.3975,49.59021851,34.50479166,0.086804507
,,,,,,,,,,,,
667,Actinidia_rufa,Actinidiaceae,W,D,45.99166667,0.61918,,,0.243,44.8762457,44.81803197,0.184436346
,,,,,,,,,,,,
668,Stephania_japonica,Menispermaceae,W,E,67.093,0.79713,,,0.2735,59.40485595,45.81115882,0.167499667
,,,,,,,,,,,,
669,Sarcandra_glabra,Chloranthaceae,W,E,28.06866667,1.18273,,,0.296,70.22836852,53.15775099,0.179586997
,,,,,,,,,,,,
670,Rubus_grayanus,Rosaceae,W,D,28.855,0.47626,,,0.36,41.26321261,40.39989075,0.112221919
,,,,,,,,,,,,
671,Uncaria_rynchophylla,Rubiaceae,W,E,17.5985,0.79119,,,0.2195,74.92968151,72.75290759,0.331448326
,,,,,,,,,,,,
,,,,,,,,,,,,
673,Pinus_thunbergii,Pinaceae,W,E,1.88925,0.9418,,,1.8265,207.7102907,,
,,,,,,,,,,,,
674,Ampelopsis_glandulosa_var_heterophylla,Vitaceae,W,D,119.5515,0.83456,,,0.202,34.90378623,38.61735539,0.191175027
,,,,,,,,,,,,
675,Viburnum_odoratissimum_var_awabuki,Caprifoliaceae,W,E,57.25566667,1.26658,,,0.283,73.73826171,63.80203359,0.225448882
,,,,,,,,,,,,
676,Vitis_saccharifera,Vitaceae,NA,NA,49.1235,0.93003,,,0.2575,47.33121622,38.99932726,0.151453698
,,,,,,,,,,,,
677,Buddleja_curviflora,Scrophulariaceae,W,D,30.17075,0.84949,,,0.196,70.3901958,68.11831564,0.347542427
,,,,,,,,,,,,
678,Ficus_nipponica,Moraceae,W,E,7.049375,0.86766,,,0.402,153.8540651,158.7857036,0.394989312
,,,,,,,,,,,,
679,Actinidia_arguta,Actinidiaceae,W,D,46.956,1.00835,,,0.194,71.58119658,41.15110209,0.212119083
,,,,,,,,,,,,
680,Crateva_formosensis,Brassicaceae,W,D,67.59133333,2.05814,,,0.3395,101.499206,88.82119064,0.261623536
,,,,,,,,,,,,
681,Michelia_compressa,Magnoliaceae,W,E,32.971,1.18771,,,0.35,90.05717145,63.66197724,0.181891364
,,,,,,,,,,,,
682,Nageia_nagi,Podocarpaceae,W,E,9.827166667,0.89717,,,0.4405,152.1581331,134.4158987,0.305143924
,,,,,,,,,,,,
683,Idesia_polycarpa,Salicaceae,W,D,151.272,1.69702,,,0.3255,112.1833518,94.06693757,0.288992128
,,,,,,,,,,,,
684,Elaeocarpus_sylvestris_var_ellipticus,Elaeocarpaceae,W,E,18.78716667,0.99312,,,0.2775,88.10269422,73.8351612,0.266072653
,,,,,,,,,,,,
685,Hoya_carnosa,Apocynaceae,W,E,49.1815,1.23907,,,1.294,125.9691144,150.2422663,0.116106852
,,,,,,,,,,,,
687,Cocculus_orbiculatus,Menispermaceae,W,D,67.854,1.16761,,,0.3005,86.03840599,62.9234983,0.209396001
,,,,,,,,,,,,
688,Elaeagnus_pungens,Elaeagnaceae,W,E,15.2875,1.34999,,,0.394,147.1779777,119.9264327,0.304381809
,,,,,,,,,,,,
689,Elaeagnus_pungens,Elaeagnaceae,W,E,12.48971429,1.2972,,,0.455,148.3735188,119.098827,0.261755664
,,,,,,,,,,,,
690,Zanthoxylum_schinifolium,Rutaceae,NA,NA,1.387625,0.21599,,,0.278,97.28402847,,
,,,,,,,,,,,,
691,Rubus_minusculus,Rosaceae,W,D,0.593086957,0.08335,,,0.2015,61.10255846,,
,,,,,,,,,,,,
692,Rubus_parvifolius,Rosaceae,W,D,3.654916667,0.21661,,,0.2975,49.38781094,,
,,,,,,,,,,,,
693,Rubus_croceacanthus,Rosaceae,W,D,5.774125,0.1739,,,0.2145,37.64639664,,
,,,,,,,,,,,,
694,Vitis_ficifolia,Vitaceae,W,D,66.475,1.48033,,,0.317,74.22991099,56.27718788,0.177530561
,,,,,,,,,,,,
695,Euonymus_japonicus,Celastraceae,W,E,16.42925,0.74631,,,0.303,113.5642223,114.3751083,0.377475605
,,,,,,,,,,,,
696,Pittosporum_tobira,Pittosporaceae,W,E,10.10683333,1.06551,,,0.4085,175.7078544,159.7151685,0.390979605
,,,,,,,,,,,,
697,Diospyros_kaki,Ebenaceae,W,D,27.64366667,1.14123,,,0.3205,137.6119907,137.2424905,0.428213699
,,,,,,,,,,,,
698,Elaeagnus_macrophylla,Elaeagnaceae,W,E,19.8102,0.88496,,,0.355,89.34387336,80.79978151,0.227605018
,,,,,,,,,,,,
699,Ficus_microcarpa,Moraceae,W,E,12.10716667,0.74591,,,0.3035,102.6816073,92.53905011,0.304906261
,,,,,,,,,,,,
700,Celastrus_punctatus,Celastraceae,W,E,7.443125,0.40416,,,0.3535,67.8747166,84.83595087,0.239988546
,,,,,,,,,,,,
701,Callicarpa_shikokiana,Verbenaceae,W,D,9.335571429,0.3557,,,0.2,54.43082526,65.78828728,0.328941436
,,,,,,,,,,,,
702,Hydrangea_paniculata,Hydrangeaceae,W,D,76.566,0.80006,,,0.2545,52.24642792,54.92755396,0.215825359
,,,,,,,,,,,,
,,,,,,,,,,,,
704,Rubus_croceacanthus,Rosaceae,W,D,6.13025,0.1779,,,0.169,36.27502957,46.85521525,0.277249794
,,,,,,,,,,,,
705,Vitis_ficifolia,Vitaceae,W,D,46.56366667,1.21946,,,0.342,87.29696258,74.3826542,0.217493141
,,,,,,,,,,,,
706,Viburnum_furcatum,Caprifoliaceae,W,D,63.20733333,1.35926,,,0.3105,71.68261067,69.70986507,0.224508422
,,,,,,,,,,,,
707,Acer_sieboldianum,Sapindaceae,W,D,39.40766667,1.01484,,,0.2425,85.84116458,83.83009163,0.345691099
,,,,,,,,,,,,
708,Viburnum urceolatum f. brevifolium,Caprifoliaceae,W,D,11.715125,0.50241,,,0.4025,53.60698243,57.21938514,0.142159963
,,,,,,,,,,,,
709,Viburnum urceolatum f. brevifolium,Caprifoliaceae,W,D,10.60416667,0.36138,,,0.306,56.79842829,54.02355388,0.176547562
,,,,,,,,,,,,
710,Daphnimorpha_kudoi,Thymelaeaceae,W,E,12.16275,0.21631,,,0.282,44.46157325,44.89442635,0.159200093
,,,,,,,,,,,,
711,Tripterygium_doianum,Celastraceae,W,D,23.88283333,0.91083,,,0.3455,63.5623914,60.16056849,0.174126103
,,,,,,,,,,,,
712,Tripterygium_doianum,Celastraceae,W,D,20.93683333,0.79234,,,0.3355,63.07384912,61.54839959,0.183452756
,,,,,,,,,,,,
713,Rubus_pectinellus,Rosaceae,W,E,5.5082,0.08213,,,0.238,29.82099415,,
,,,,,,,,,,,,
714,Tripetaleia_paniculata,Ericaceae,W,D,4.016,0.20145,,,0.221,62.70231574,70.16823131,0.317503309
,,,,,,,,,,,,
715,Alnus_firma,Betulaceae,W,D,13.70166667,0.72332,,,0.385,87.98443012,103.2851919,0.268273226
,,,,,,,,,,,,
716,Rosa_onoei,Rosaceae,W,D,0.578357143,0.1127,,,0.2605,46.39578445,,
,,,,,,,,,,,,
717,Cornus_kousa,Cornaceae,W,D,16.47633333,0.56854,,,0.333,57.51077303,48.26851114,0.144950484
,,,,,,,,,,,,
718,Acer_sieboldianum,Sapindaceae,W,D,30.118,0.82831,,,0.191,68.75539544,79.78118987,0.417702565
,,,,,,,,,,,,
719,Rosa_onoei,Rosaceae,W,D,0.266756757,0.05607,,,0.2195,56.80851064,,
,,,,,,,,,,,,
720,Rosa_onoei,Rosaceae,W,D,0.200733333,0.02452,,,0.1415,27.1449131,,
,,,,,,,,,,,,
721,Acer_rufinerve,Sapindaceae,W,D,45.85566667,0.97085,,,0.241,70.57288449,69.06051291,0.286558145
,,,,,,,,,,,,
722,Acer_rufinerve,Sapindaceae,W,D,86.103,0.68565,,,0.164,39.81568586,50.24203244,0.306353856
,,,,,,,,,,,,
723,Acer_rufinerve,Sapindaceae,W,D,87.7405,1.26005,,,0.462,71.80549461,69.03504812,0.149426511
,,,,,,,,,,,,
724,Frangula_crenata,Rhamnaceae,W,D,10.71644444,0.61059,,,0.4285,63.30768912,58.96372332,0.137604955
,,,,,,,,,,,,
725,Rhododendron_keiskei,Ericaceae,W,E,8.91225,0.19902,,,0.212,55.82765295,50.73859586,0.239332999
,,,,,,,,,,,,
726,Hydrangea_paniculata,Hydrangeaceae,W,D,75.67466667,1.32362,,,0.4145,58.3030869,59.06558248,0.14249839
,,,,,,,,,,,,
727,Rubus_palmatus_var_yakumontanus,Rosaceae,W,D,20.603,0.26116,,,0.2655,42.25274636,44.37239813,0.167127677
,,,,,,,,,,,,
728,"Hydrangea_petiolaris ",Hydrangeaceae,W,D,6.6914,0.13337,,,0.359,39.86310787,49.88552536,0.138956895
,,,,,,,,,,,,
729,Aralia_elata,Araliaceae,W,D,20.51,0.78782,,,0.209,42.67945176,34.33927052,0.16430273
,,,,,,,,,,,,
730,Fatsia_japonica,Araliaceae,W,E,139.42175,3.86728,,,0.3025,69.34499101,50.3438916,0.166426088
,,,,,,,,,,,,
731,Rubus_sieboldii,Rosaceae,W,E,279.271,2.3252,,,0.365,83.25962954,69.83011548,0.191315385
,,,,,,,,,,,,
732,Blastus_cochinchinensis,Melastomataceae,W,E,34.10075,0.54183,,,0.289,39.72273337,33.14242535,0.114679672
,,,,,,,,,,,,
733,Blastus_cochinchinensis,Melastomataceae,W,E,40.40075,0.71648,,,0.252,44.3358106,40.8455246,0.162085415
,,,,,,,,,,,,
734,Blastus_cochinchinensis,Melastomataceae,W,E,30.0836,0.68813,,,0.2535,45.74784933,37.4714398,0.147816331
,,,,,,,,,,,,
736,Piper_kadzura,Piperaceae,W,E,27.49725,0.62288,,,0.3315,56.63111766,58.86996659,0.177586626
,,,,,,,,,,,,
737,Cyathea_spinulosa,Cyatheaceae,W,E,457.214,2.78123,,,0.299,60.82993959,,
,,,,,,,,,,,,
738,Symplocos_cochinchinensis,Symplocaceae,W,E,39.98125,1.56255,,,0.275,97.7051743,94.11786715,0.34224679
,,,,,,,,,,,,
739,Smilax_china,Smilacaceae,W,E,2.76525,0.13658,,,0.355,61.7394449,,
,,,,,,,,,,,,
740,Rhododendron_indicum,Ericaceae,W,E,0.7821875,0.07629,,,0.189,60.95884938,,
,,,,,,,,,,,,
741,Hydrangea_luteovenosa_var_yakusimensis,Hydrangeaceae,W,D,5.901,0.09244,,,0.187,19.58142688,,
,,,,,,,,,,,,
742,Rhododendron_keiskei,Ericaceae,W,E,11.01133333,0.37656,,,0.258,56.99582249,58.64541343,0.227307804
,,,,,,,,,,,,
744,Rubus_palmatus_var_yakumontanus,Rosaceae,W,D,27.18625,0.65049,,,0.3155,59.81792266,62.14682218,0.196978834
,,,,,,,,,,,,
745,Rhododendron_indicum,Ericaceae,W,E,1.0665,0.10571,,,0.286,55.06589571,,
,,,,,,,,,,,,
746,Hydrangea_luteovenosa_var_yakusimensis,Hydrangeaceae,W,D,3.842875,0.06793,,,0.271,22.09608691,,
,,,,,,,,,,,,
747,Schizophragma_hydrangeoides,Hydrangeaceae,W,D,46.06466667,1.07818,,,0.293,78.01930619,59.34569518,0.202545035
,,,,,,,,,,,,
748,Smilax_china,Smilacaceae,W,E,4.5395,0.11201,,,0.27,41.12420604,,
,,,,,,,,,,,,
749,Ilex_pedunculosa,Aquifoliaceae,W,E,10.967,0.72577,,,0.2635,110.2960396,96.89352935,0.367717379
,,,,,,,,,,,,
750,Euonymus_yakushimensis,Celastraceae,W,D,21.13916667,0.35948,,,0.128,28.34233453,26.43245295,0.206503539
,,,,,,,,,,,,
751,Euonymus_yakushimensis,Celastraceae,W,D,15.56,0.30288,,,0.1445,32.44215938,30.64687584,0.212089106
,,,,,,,,,,,,
752,Euonymus_yakushimensis,Celastraceae,W,D,22.617,0.29743,,,0.1445,32.87681832,26.89081918,0.186095634
,,,,,,,,,,,,
753,Rubus_illecebrosus_var_yakushimensis,Rosaceae,W,,0.466733333,0.01751,,,0.1175,25.01071276,,
,,,,,,,,,,,,
754,Rubus_illecebrosus_var_yakushimensis,Rosaceae,W,,1.562263158,0.11772,,,0.196,39.65906411,,
,,,,,,,,,,,,
755,Rubus_illecebrosus_var_yakushimensis,Rosaceae,W,,1.099066667,0.03086,,,0.126,18.71891302,,
,,,,,,,,,,,,
756,Hydrangea_luteovenosa_var_yakusimensis,Hydrangeaceae,W,D,4.2161,0.16815,,,0.2895,39.8828301,,
,,,,,,,,,,,,
757,Carpinus_laxiflora,Betulaceae,W,D,11.19166667,0.39745,,,0.137,59.18838421,48.76507456,0.355949449
,,,,,,,,,,,,
758,Carpinus_laxiflora,Betulaceae,W,D,10.087,0.47216,,,0.165,58.51095469,48.80327175,0.295777405
,,,,,,,,,,,,
759,Berchemia_racemosa_var_luxurians,Rhamnaceae,W,D,18.3945,0.6908,,,0.18,62.59117309,54.27820179,0.301545566
,,,,,,,,,,,,
760,Ehretia_acuminata,Boraginaceae,NA,NA,62.3995,1.13218,,,0.267,90.72027821,88.75752866,0.332425201
,,,,,,,,,,,,
761,Ehretia_acuminata,Boraginaceae,NA,NA,114.862,2.36312,,,0.2795,102.8677892,85.2943171,0.305167503
,,,,,,,,,,,,
762,Adina_pilulifera,Rubiaceae,W,E,25.92225,0.99764,,,0.255,96.21464186,93.99054319,0.368590365
,,,,,,,,,,,,
763,Glochidion_zeylanicum,Euphorbiaceae,W,E,39.249,0.76433,,,0.2045,64.91290649,57.41037107,0.280735311
,,,,,,,,,,,,
764,Ardisia_quinquegona,Primulaceae,W,E,30.24933333,0.51804,,,0.2135,57.0855556,53.18321578,0.249101713
,,,,,,,,,,,,
765,Tarenna_gracilipes,Rubiaceae,W,E,51.27866667,0.51244,,,0.1865,33.31079851,30.30310116,0.162483116
,,,,,,,,,,,,
766,Ficus_microcarpa,Moraceae,W,E,12.62216667,0.76421,,,0.3815,100.9084547,82.56958448,0.216434035
,,,,,,,,,,,,
767,Tarenna_gracilipes,Rubiaceae,W,E,40.35233333,0.42758,,,0.17,35.32055148,32.79865067,0.192933239
,,,,,,,,,,,,
768,Tarenna_gracilipes,Rubiaceae,W,E,35.932,0.39375,,,0.1715,36.5273294,29.83200253,0.173947537
,,,,,,,,,,,,
769,Microtropis_japonica,Celastraceae,W,E,21.12933333,0.54997,,,3.285,86.7624787,89.81113439,0.027339767
,,,,,,,,,,,,
770,Aucuba_japonica_var_ovoidea,Garryaceae,W,E,53.9385,0.66247,,,0.3345,61.4097537,49.68180704,0.148525582
,,,,,,,,,,,,
771,Aucuba_japonica_var_ovoidea,Garryaceae,W,E,45.649,1.11882,,,0.3375,81.69729896,67.99099169,0.20145479
,,,,,,,,,,,,
772,Fraxinus_sieboldiana,Oleaceae,W,D,12.7064,0.33194,,,0.1495,52.24768621,42.41160924,0.283689694
,,,,,,,,,,,,
773,Lasianthus_japonicus,Rubiaceae,W,E,34.948,0.5792,,,0.223,55.24398153,39.95425691,0.179167071
,,,,,,,,,,,,
774,Lasianthus_japonicus,Rubiaceae,W,E,49.543,0.63504,,,0.262,42.7265204,34.02096064,0.129850995
,,,,,,,,,,,,
775,Turpinia_ternata,Staphyleaceae,W,E,42.636,1.17656,,,0.328,91.98486412,85.49803543,0.260664742
,,,,,,,,,,,,
777,Hydrangea_grosseserrata,Hydrangeaceae,W,D,16.633,0.14241,,,0.19,17.12379006,17.58343811,0.092544411
,,,,,,,,,,,,
778,Rubus_buergeri,Rosaceae,W,E,32.99433333,0.46075,,,0.2715,46.5483972,,
,,,,,,,,,,,,
779,Rubus_buergeri,Rosaceae,W,E,43.4395,0.52738,,,0.286,60.70281656,55.20766666,0.1930338
,,,,,,,,,,,,
780,Stephania_japonica,Menispermaceae,W,E,52.3115,0.47058,,,0.212,44.97863758,38.80834132,0.183058214
,,,,,,,,,,,,
781,Vitis_flexuosa,Vitaceae,W,D,34.8545,0.63455,,,0.1515,45.51420907,36.83482003,0.243134126
,,,,,,,,,,,,
782,Lasianthus_fordii,Rubiaceae,W,E,21.98883333,0.56289,,,0.3325,42.66483746,38.75741174,0.116563644
,,,,,,,,,,,,
783,Ampelopsis_glandulosa_var_heterophylla,Vitaceae,W,D,28.023,0.62248,,,0.1885,55.53295507,46.94434201,0.249041602
,,,,,,,,,,,,
784,Aria_alnifolia,Rosaceae,W,D,20.2234,0.8161,,,0.276,80.70848621,67.64721701,0.245098612
,,,,,,,,,,,,
785,Rhododendron_yakumontanum,Ericaceae,W,D,7.092444444,0.38533,,,0.3525,60.36627397,62.69431518,0.177856213
,,,,,,,,,,,,
786,Rhododendron_yakumontanum,Ericaceae,W,D,7.230333333,0.31676,,,0.2275,73.01645844,69.17510447,0.304066393
,,,,,,,,,,,,
787,Daphne_kiusiana,Thymelaeaceae,W,E,9.428833333,0.41515,,,0.3725,73.38306259,70.69662572,0.189789599
,,,,,,,,,,,,
788,Stauntonia_hexaphylla,Lardizabalaceae,W,E,19.53116667,1.3109,,,0.4125,111.863944,99.10896616,0.24026416
,,,,,,,,,,,,
789,Stauntonia_hexaphylla,Lardizabalaceae,W,E,14.55516667,0.88847,,,0.392,101.7359242,91.54592327,0.233535519
,,,,,,,,,,,,
790,Vitis_flexuosa,Vitaceae,W,D,27.44166667,0.43544,,,0.145,52.89280292,44.58884886,0.307509302
,,,,,,,,,,,,
791,Stauntonia_hexaphylla,Lardizabalaceae,W,E,9.0625,0.59046,,,0.3345,108.5903448,88.87212022,0.265686458
,,,,,,,,,,,,
792,Hydrangea_paniculata,Hydrangeaceae,W,D,103.8765,1.16077,,,0.2775,55.87259871,64.3367942,0.231844303
,,,,,,,,,,,,
793,Lonicera_hypoglauca,Caprifoliaceae,W,ED,6.219916667,0.27862,,,0.1975,37.3290103,41.32935562,0.20926256
,,,,,,,,,,,,
794,Debregeasia_orientalis,Urticaceae,W,D,31.6675,0.54132,,,0.28,42.73466488,39.05025684,0.139465203
,,,,,,,,,,,,
795,Debregeasia_orientalis,Urticaceae,W,D,28.073,0.49467,,,0.262,44.05211413,36.17273547,0.138063876
,,,,,,,,,,,,
796,Bredia_hirsuta,Melastomataceae,W,E,20.033,0.2063,,,0.2445,25.74502072,22.14163568,0.090558837
,,,,,,,,,,,,
797,Bredia_hirsuta,Melastomataceae,W,E,19.3465,0.10657,,,0.2415,27.54244954,27.61656573,0.114354309
,,,,,,,,,,,,
798,Ardisia_pusilla,Primulaceae,W,E,6.303666667,0.07569,,,0.1845,40.02432447,,
,,,,,,,,,,,,
799,Ardisia_pusilla,Primulaceae,W,E,5.703333333,0.07294,,,0.924,42.63004091,,
,,,,,,,,,,,,
800,Syzygium_jambos,Myrtaceae,W,E,42.11333333,2.16738,,,0.377,171.5513693,143.9397305,0.381802999
,,,,,,,,,,,,
801,Vitex_rotundifolia,Verbenaceae,W,E,8.438111111,0.83427,,,0.394,109.8547595,107.4868824,0.272809346
,,,,,,,,,,,,
802,Alangium_premnifolium,Cornaceae,NA,NA,186.784,1.83168,,,0.2835,98.06407401,80.557866,0.28415473
,,,,,,,,,,,,
803,Smilax_sebeana,Smilacaceae,W,E,34.87833333,0.96595,,,0.2695,92.3161466,75.64316135,0.280679634
,,,,,,,,,,,,
804,Smilax_sebeana,Smilacaceae,W,E,22.03875,0.5878,,,0.2955,66.67801032,69.90085101,0.236551103
,,,,,,,,,,,,
805,Rosa_luciae,Rosaceae,W,D,1.840642857,0.15829,,,0.161,61.42652024,,
,,,,,,,,,,,,
806,Rosa_luciae,Rosaceae,W,D,6.999333333,0.1711,,,0.246,81.48395085,,
